Game,Language,Set Name,Set Name (EN),Set Code,Manufacturer,Sport,Season,Year,Release Date,Series,Cards In Set,Cards Listed,Sources
Pokémon TCG,German,Grundset,,BS,,,,1999,1999-01-09,Grund,102,102,tcgdex
Pokémon TCG,German,Dschungel,,JU,,,,1999,1999-06-16,Grund,64,64,tcgdex
Pokémon TCG,German,Wizards Black Star Promos,,basep,,,,1999,1999-07-01,Grund,53,24,tcgdex
Pokémon TCG,German,Fossil,,FO,,,,1999,1999-10-10,Grund,62,62,tcgdex
Pokémon TCG,German,Team Rocket,,RO,,,,2000,2000-04-24,Grund,82,83,tcgdex
Pokémon TCG,German,Neo Genesis,,N1,,,,2000,2000-12-16,Neo,111,111,tcgdex
Pokémon TCG,German,Neo Entdeckung,,N2,,,,2001,2001-06-01,Neo,75,75,tcgdex
Pokémon TCG,German,Neo Revelation,,N3,,,,2001,2001-09-21,Neo,64,66,tcgdex
Pokémon TCG,German,Neo Destiny,,N4,,,,2002,2002-02-28,Neo,105,113,tcgdex
Pokémon TCG,German,Expedition,,EX,,,,2002,2002-09-15,e-Card,165,165,tcgdex
Pokémon TCG,German,Aquapolis,,AQ,,,,2003,2003-01-15,e-Card,147,182,tcgdex
Pokémon TCG,German,Skyridge,,SK,,,,2003,2003-05-12,e-Card,144,182,tcgdex
Pokémon TCG,German,EX Rubin & Saphir,,RS,,,,2003,2003-07-01,EX,109,109,tcgdex
Pokémon TCG,German,EX Sandsturm,,SS,,,,2003,2003-09-18,EX,100,100,tcgdex
Pokémon TCG,German,EX Drache,,DR,,,,2003,2003-11-24,EX,97,100,tcgdex
Pokémon TCG,German,EX Team Magma vs Team Aqua,,MA,,,,2004,2004-03-01,EX,95,97,tcgdex
Pokémon TCG,German,EX Feuerrot & Blattgrün,,RG,,,,2004,2004-09-01,EX,112,116,tcgdex
Pokémon TCG,German,EX Deoxys,,DX,,,,2005,2005-02-01,EX,107,108,tcgdex
Pokémon TCG,German,EX Smaragd,,EM,,,,2005,2005-05-09,EX,106,107,tcgdex
Pokémon TCG,German,EX Verborgene Mächte,,UF,,,,2005,2005-08-22,EX,115,117,tcgdex
Pokémon TCG,German,EX Verborgene Mächte Icognito,,exu,,,,2005,2005-08-22,EX,28,28,tcgdex
Pokémon TCG,German,EX Delta Species,,DS,,,,2005,2005-10-31,EX,113,114,tcgdex
Pokémon TCG,German,EX Legend Maker,,LM,,,,2006,2006-02-13,EX,92,93,tcgdex
Pokémon TCG,German,EX Holon Phantoms,,HP,,,,2006,2006-05-03,EX,110,111,tcgdex
Pokémon TCG,German,EX Crystal Guardians,,CG,,,,2006,2006-08-30,EX,100,100,tcgdex
Pokémon TCG,German,EX Dragon Frontiers,,DF,,,,2006,2006-11-08,EX,101,101,tcgdex
Pokémon TCG,German,EX Power Keepers,,PK,,,,2007,2007-02-17,EX,108,108,tcgdex
Pokémon TCG,German,Diamant & Perl,,DP,,,,2007,2007-05-01,Diamant & Perl,130,130,tcgdex
Pokémon TCG,German,Promo DP,,dpp,,,,2007,2007-05-01,Diamant & Perl,56,56,tcgdex
Pokémon TCG,German,Geheimnisvolle Schätze,,MT,,,,2007,2007-08-01,Diamant & Perl,123,124,tcgdex
Pokémon TCG,German,Rätselhafte Wunder,,SW,,,,2007,2007-11-01,Diamant & Perl,132,132,tcgdex
Pokémon TCG,German,Epische Begegnungen,,GE,,,,2008,2008-02-01,Diamant & Perl,106,106,tcgdex
Pokémon TCG,German,Majestätischer Morgen,,MD,,,,2008,2008-05-01,Diamant & Perl,100,100,tcgdex
Pokémon TCG,German,Erwachte Legenden,,LA,,,,2008,2008-08-01,Diamant & Perl,146,146,tcgdex
Pokémon TCG,German,Sturmtief,,SF,,,,2008,2008-11-01,Diamant & Perl,100,106,tcgdex
Pokémon TCG,German,Platin,,PL,,,,2009,2009-02-11,Platin,127,133,tcgdex
Pokémon TCG,German,Aufstieg der Rivalen,,RR,,,,2009,2009-05-16,Platin,111,120,tcgdex
Pokémon TCG,German,Ultimative Sieger,,SV,,,,2009,2009-08-19,Platin,147,153,tcgdex
Pokémon TCG,German,Arceus,,AR,,,,2009,2009-11-04,Platin,99,111,tcgdex
Pokémon TCG,German,HeartGold SoulSilver,,HS,,,,2010,2010-02-10,HeartGold SoulSilver,123,124,tcgdex
Pokémon TCG,German,Promo HGSS,,hgssp,,,,2010,2010-02-11,HeartGold SoulSilver,25,0,tcgdex
Pokémon TCG,German,Entfesselt,,UL,,,,2010,2010-05-12,HeartGold SoulSilver,95,96,tcgdex
Pokémon TCG,German,Unerschrocken,,UND,,,,2010,2010-08-18,HeartGold SoulSilver,90,91,tcgdex
Pokémon TCG,German,Triumph,,TRI,,,,2010,2010-11-03,HeartGold SoulSilver,102,103,tcgdex
Pokémon TCG,German,Ruf der Legenden,,COL,,,,2011,2011-02-09,Ruf der Legenden,95,106,tcgdex
Pokémon TCG,German,Schwarz & Weiß,,BLW,,,,2011,2011-04-25,Schwarz & Weiß,114,115,tcgdex
Pokémon TCG,German,SW Promokarten,,BWP,,,,2011,2011-04-26,Schwarz & Weiß,101,0,tcgdex
Pokémon TCG,German,Aufstreben der Mächtigen,,EP,,,,2011,2011-08-31,Schwarz & Weiß,98,98,tcgdex
Pokémon TCG,German,Königliche Siege,,NVI,,,,2011,2011-11-16,Schwarz & Weiß,101,102,tcgdex
Pokémon TCG,German,Kommende Schicksale,,NXD,,,,2012,2012-02-08,Schwarz & Weiß,99,103,tcgdex
Pokémon TCG,German,Erforscher der Finsternis,,DEX,,,,2012,2012-05-09,Schwarz & Weiß,108,111,tcgdex
Pokémon TCG,German,Hoheit der Drachen,,DRX,,,,2012,2012-08-15,Schwarz & Weiß,124,128,tcgdex
Pokémon TCG,German,Drachengruft,,DRV,,,,2012,2012-10-05,Schwarz & Weiß,20,0,tcgdex
Pokémon TCG,German,Überschrittene Schwellen,,BCR,,,,2012,2012-11-07,Schwarz & Weiß,149,153,tcgdex
Pokémon TCG,German,Plasma-Sturm,,PLS,,,,2013,2013-02-06,Schwarz & Weiß,135,138,tcgdex
Pokémon TCG,German,Plasma-Frost,,PLF,,,,2013,2013-05-08,Schwarz & Weiß,116,122,tcgdex
Pokémon TCG,German,Plasma-Blaster,,PLB,,,,2013,2013-08-14,Schwarz & Weiß,101,105,tcgdex
Pokémon TCG,German,XY Promokarten,,XYP,,,,2013,2013-10-12,XY,211,0,tcgdex
Pokémon TCG,German,Willkommen in Kalos,,KSS,,,,2013,2013-11-08,XY,39,39,tcgdex
Pokémon TCG,German,Gelbes-A-Alternativkarten,,xya,,,,2014,2014-02-05,XY,6,0,tcgdex
Pokémon TCG,German,XY,,XY,,,,2014,2014-02-05,XY,146,146,tcgdex
Pokémon TCG,German,Flammenmeer,,FLF,,,,2014,2014-05-07,XY,106,109,tcgdex
Pokémon TCG,German,Fliegende Fäuste,,FFI,,,,2014,2014-08-13,XY,111,113,tcgdex
Pokémon TCG,German,Phantomkräfte,,PHF,,,,2014,2014-11-05,XY,119,122,tcgdex
Pokémon TCG,German,Protoshock,,PRC,,,,2015,2015-02-04,XY,160,164,tcgdex
Pokémon TCG,German,Drachenleuchten,,ROS,,,,2015,2015-05-06,XY,108,110,tcgdex
Pokémon TCG,German,Ewiger Anfang,,AOR,,,,2015,2015-08-12,XY,98,100,tcgdex
Pokémon TCG,German,TURBOstart,,BKT,,,,2015,2015-11-04,XY,162,164,tcgdex
Pokémon TCG,German,TURBOfieber,,BKP,,,,2016,2016-02-03,XY,122,123,tcgdex
Pokémon TCG,German,Generationen,,GEN,,,,2016,2016-02-22,XY,83,115,tcgdex
Pokémon TCG,German,Schicksalsschmiede,,FCO,,,,2016,2016-05-02,XY,124,125,tcgdex
Pokémon TCG,German,Dampfkessel,,STS,,,,2016,2016-08-03,XY,114,116,tcgdex
Pokémon TCG,German,Evolution,,EVO,,,,2016,2016-11-02,XY,108,113,tcgdex
Pokémon TCG,German,SM Promokarten,,SMP,,,,2017,2017-02-03,Sonne & Mond,248,240,tcgdex
Pokémon TCG,German,Sonne & Mond,,SUM,,,,2017,2017-02-03,Sonne & Mond,149,172,tcgdex
Pokémon TCG,German,Stunde der Wächter,,GRI,,,,2017,2017-05-05,Sonne & Mond,145,169,tcgdex
Pokémon TCG,German,Nacht in Flammen,,BUS,,,,2017,2017-08-04,Sonne & Mond,147,169,tcgdex
Pokémon TCG,German,Schimmernde Legenden,,SLG,,,,2017,2017-10-06,Sonne & Mond,73,78,tcgdex
Pokémon TCG,German,Aufziehen der Sturmröte,,CIN,,,,2017,2017-11-03,Sonne & Mond,111,124,tcgdex
Pokémon TCG,German,Ultra-Prisma,,UPR,,,,2018,2018-02-02,Sonne & Mond,156,173,tcgdex
Pokémon TCG,German,Grauen Der Lichtfinsternis,,FLI,,,,2018,2018-05-04,Sonne & Mond,131,146,tcgdex
Pokémon TCG,German,Sturm Am Firmament,,CES,,,,2018,2018-08-03,Sonne & Mond,168,183,tcgdex
Pokémon TCG,German,Majestät Der Drachen,,DRM,,,,2018,2018-09-07,Sonne & Mond,70,78,tcgdex
Pokémon TCG,German,Echo des Donners,,LOT,,,,2018,2018-11-02,Sonne & Mond,214,236,tcgdex
Pokémon TCG,German,Teams Sind Trumpf,,TEU,,,,2019,2019-01-31,Sonne & Mond,181,196,tcgdex
Pokémon TCG,German,Meisterdetektiv Pikachu,,DET,,,,2019,2019-03-29,Sonne & Mond,18,18,tcgdex
Pokémon TCG,German,Kräfte im Einklang,,UNB,,,,2019,2019-05-03,Sonne & Mond,214,234,tcgdex
Pokémon TCG,German,Bund der Gleichgesinnten,,UNM,,,,2019,2019-08-02,Sonne & Mond,236,258,tcgdex
Pokémon TCG,German,Verborgenes Schicksal,,HIF,,,,2019,2019-08-23,Sonne & Mond,68,69,tcgdex
Pokémon TCG,German,Verborgenes Schicksal Glitzer-Tresor,,sma,,,,2019,2019-08-23,Sonne & Mond,94,94,tcgdex
Pokémon TCG,German,Welten im Wandel,,CEC,,,,2019,2019-11-01,Sonne & Mond,236,271,tcgdex
Pokémon TCG,German,SCSC Promokarten,,swshp,,,,2019,2019-11-15,Schwert & Schild,307,301,tcgdex
Pokémon TCG,German,Schwert & Schild,,SSH,,,,2020,2020-02-07,Schwert & Schild,202,216,tcgdex
Pokémon TCG,German,Clash der Rebellen,,RCL,,,,2020,2020-05-01,Schwert & Schild,192,209,tcgdex
Pokémon TCG,German,Flammende Finsternis,,DAA,,,,2020,2020-08-14,Schwert & Schild,189,201,tcgdex
Pokémon TCG,German,Weg des Champs,,CPA,,,,2020,2020-09-25,Schwert & Schild,73,80,tcgdex
Pokémon TCG,German,Farbenschock,,VIV,,,,2020,2020-11-13,Schwert & Schild,185,203,tcgdex
Pokémon TCG,German,Glänzendes Schicksal,,SHF,,,,2021,2021-02-19,Schwert & Schild,72,73,tcgdex
Pokémon TCG,German,Glänzendes Schicksal Glitzer-Tresor,,SHF:SV,,,,2021,2021-02-19,Schwert & Schild,122,122,tcgdex
Pokémon TCG,German,Kampfstile,,BST,,,,2021,2021-03-19,Schwert & Schild,163,183,tcgdex
Pokémon TCG,German,Schaurige Herrschaft,,CRE,,,,2021,2021-06-18,Schwert & Schild,198,233,tcgdex
Pokémon TCG,German,Drachenwandel,,EVS,,,,2021,2021-08-27,Schwert & Schild,203,237,tcgdex
Pokémon TCG,German,Celebrations,,CEL,,,,2021,2021-10-08,Schwert & Schild,25,25,tcgdex
Pokémon TCG,German,Celebrations Klassische Kollektion,,CEL:CC,,,,2021,2021-10-08,Schwert & Schild,25,0,tcgdex
Pokémon TCG,German,Fusionsangriff,,FST,,,,2021,2021-11-12,Schwert & Schild,264,284,tcgdex
Pokémon TCG,German,Strahlende Sterne,,BRS,,,,2022,2022-02-25,Schwert & Schild,172,186,tcgdex
Pokémon TCG,German,Strahlende Sterne Trainer-Galerie,,BRS:TG,,,,2022,2022-02-25,Schwert & Schild,30,30,tcgdex
Pokémon TCG,German,Astralglanz,,ASR,,,,2022,2022-05-27,Schwert & Schild,189,216,tcgdex
Pokémon TCG,German,Astralglanz Trainer-Galerie,,ASR:TG,,,,2022,2022-05-27,Schwert & Schild,30,30,tcgdex
Pokémon TCG,German,Pokémon GO,,PGO,,,,2022,2022-07-01,Schwert & Schild,78,88,tcgdex
Pokémon TCG,German,Verlorener Ursprung,,LOR,,,,2022,2022-09-09,Schwert & Schild,196,217,tcgdex
Pokémon TCG,German,Verlorener Ursprung Trainer-Galerie,,LOR:TG,,,,2022,2022-09-09,Schwert & Schild,30,30,tcgdex
Pokémon TCG,German,Silberne Sturmwinde,,SIT,,,,2022,2022-11-11,Schwert & Schild,195,215,tcgdex
Pokémon TCG,German,Silberne Sturmwinde Trainer-Galerie,,SIT:TG,,,,2022,2022-11-11,Schwert & Schild,30,30,tcgdex
Pokémon TCG,German,Zenit der Könige,,CRZ,,,,2023,2023-01-20,Schwert & Schild,159,160,tcgdex
Pokémon TCG,German,Zenit der Könige Galar-Galerie,,CRZ:GG,,,,2023,2023-01-20,Schwert & Schild,70,70,tcgdex
Pokémon TCG,German,Karmesin & Purpur,,SVI,,,,2023,2023-03-31,Karmesin & Purpur,198,258,tcgdex
Pokémon TCG,German,Karmesin & Purpur Energie,,SVE,,,,2023,2023-03-31,Karmesin & Purpur,24,24,tcgdex
Pokémon TCG,German,SVP Black Star Promos,,SVP,,,,2023,2023-03-31,Karmesin & Purpur,225,216,tcgdex
Pokémon TCG,German,Entwicklungen in Paldea,,PAL,,,,2023,2023-06-09,Karmesin & Purpur,193,279,tcgdex
Pokémon TCG,German,Obsidian Flammen,,OBF,,,,2023,2023-08-11,Karmesin & Purpur,197,230,tcgdex
Pokémon TCG,German,151,,MEW,,,,2023,2023-09-22,Karmesin & Purpur,165,207,tcgdex
Pokémon TCG,German,Paradoxrift,,PAR,,,,2023,2023-11-03,Karmesin & Purpur,182,266,tcgdex
Pokémon TCG,German,Paldeas Schicksale,,PAF,,,,2024,2024-01-26,Karmesin & Purpur,91,245,tcgdex
Pokémon TCG,German,Gewalten der Zeit,,TEF,,,,2024,2024-03-22,Karmesin & Purpur,162,218,tcgdex
Pokémon TCG,German,Maskerade im Zwielicht,,TWM,,,,2024,2024-05-24,Karmesin & Purpur,167,226,tcgdex
Pokémon TCG,German,Nebel der Sagen,,SFA,,,,2024,2024-08-02,Karmesin & Purpur,64,99,tcgdex
Pokémon TCG,German,Stellarkrone,,SCR,,,,2024,2024-09-13,Karmesin & Purpur,142,175,tcgdex
Pokémon TCG,German,PROMO-A,,P-A,,,,2024,2024-10-30,Pokémon‑Sammelkartenspiel‑Pocket,0,99,tcgdex
Pokémon TCG,German,Unschlagbare Gene,,A1,,,,2024,2024-10-30,Pokémon‑Sammelkartenspiel‑Pocket,226,286,tcgdex
Pokémon TCG,German,Stürmische Funken,,SSP,,,,2024,2024-11-08,Karmesin & Purpur,191,252,tcgdex
Pokémon TCG,German,Mysteriöse Insel,,A1a,,,,2024,2024-12-17,Pokémon‑Sammelkartenspiel‑Pocket,68,86,tcgdex
Pokémon TCG,German,Prismatische Entwicklungen,,PRE,,,,2025,2025-01-17,Karmesin & Purpur,131,180,tcgdex
Pokémon TCG,German,Kollision von Raum und Zeit,,A2,,,,2025,2025-01-30,Pokémon‑Sammelkartenspiel‑Pocket,140,207,tcgdex
Pokémon TCG,German,Licht des Triumphs,,A2a,,,,2025,2025-02-28,Pokémon‑Sammelkartenspiel‑Pocket,75,96,tcgdex
Pokémon TCG,German,Glänzendes Festival,,A2b,,,,2025,2025-03-27,Pokémon‑Sammelkartenspiel‑Pocket,72,111,tcgdex
Pokémon TCG,German,Reisegefährten,,JTG,,,,2025,2025-03-28,Karmesin & Purpur,159,190,tcgdex
Pokémon TCG,German,Hüter des Firmaments,,A3,,,,2025,2025-04-30,Pokémon‑Sammelkartenspiel‑Pocket,155,239,tcgdex
Pokémon TCG,German,Ewige Rivalen,,DRI,,,,2025,2025-05-30,Karmesin & Purpur,182,244,tcgdex
Pokémon TCG,German,Schwarze Blitze,,BLK,,,,2025,2025-07-17,Karmesin & Purpur,86,172,tcgdex
Pokémon TCG,German,Weiße Flammen,,WHT,,,,2025,2025-07-17,Karmesin & Purpur,86,173,tcgdex
Pokémon TCG,German,Verborgene Quelle,,A4a,,,,2025,2025-08-28,Pokémon‑Sammelkartenspiel‑Pocket,71,0,tcgdex
Pokémon TCG,German,Mega-Entwicklung Energie,,MEE,,,,2025,2025-09-25,Mega-Entwicklung,8,8,tcgdex
Pokémon TCG,German,MEP Black Star Promos,,MEP,,,,2025,2025-09-26,Mega-Entwicklung,0,88,tcgdex
Pokémon TCG,German,Mega-Entwicklung,,MEG,,,,2025,2025-09-26,Mega-Entwicklung,132,188,tcgdex
Pokémon TCG,German,Fatale Flammen,,PFL,,,,2025,2025-11-14,Mega-Entwicklung,94,130,tcgdex
Pokémon TCG,German,Feuerrote Flammen,,B1a,,,,2025,2025-12-17,Pokémon‑Sammelkartenspiel‑Pocket,69,0,tcgdex
Pokémon TCG,German,Traumhafte Parade,,B2,,,,2026,2026-01-29,Pokémon‑Sammelkartenspiel‑Pocket,155,0,tcgdex
Pokémon TCG,German,Erhabene Helden,,ASC,,,,2026,2026-01-30,Mega-Entwicklung,217,295,tcgdex
Pokémon TCG,German,Paldean Wonders,,B2a,,,,2026,2026-02-26,Pokémon‑Sammelkartenspiel‑Pocket,93,129,tcgdex
Pokémon TCG,German,Optimale Ordnung,,POR,,,,2026,2026-03-27,Mega-Entwicklung,88,124,tcgdex
Pokémon TCG,German,Wachsendes Chaos,,CRI,,,,2026,2026-05-22,Mega-Entwicklung,86,122,tcgdex
Pokémon TCG,German,Dunkelnacht,,PBL,,,,2026,2026-07-17,Mega-Entwicklung,84,120,tcgdex
Pokémon TCG,English,Miscellaneous Promos,Miscellaneous Promos,MP,,,,1996,1996-01-01,Other,1,1,"database.xlsx,tcgdex"
Pokémon TCG,English,Base Set,Base Set,BS,,,,1999,1999-01-09,Original Series,102,102,"database.xlsx,tcgdex"
Pokémon TCG,English,Base Set (Shadowless),Base Set (Shadowless),BS,,,,1999,1999-01-09,Original Series,,0,database.xlsx
Pokémon TCG,English,Jungle,Jungle,JU,,,,1999,1999-06-16,Original Series,64,64,"database.xlsx,tcgdex"
Pokémon TCG,English,Topps Series 1,Topps Series 1,,,,,1999,1999-06-28,Topps Series,,0,database.xlsx
Pokémon TCG,English,Wizards Black Star Promos,,basep,,,,1999,1999-07-01,Base,53,53,tcgdex
Pokémon TCG,English,Wizards of the Coast Promos,Wizards of the Coast Promos,WP,,,,1999,1999-07-01,Original Series,7,0,"database.xlsx,tcgdex"
Pokémon TCG,English,Fossil,Fossil,FO,,,,1999,1999-10-10,Original Series,62,62,"database.xlsx,tcgdex"
Pokémon TCG,English,The First Movie,The First Movie,,,,,1999,1999-11-12,Topps Series,,0,database.xlsx
Pokémon TCG,English,Jumbo cards,,jumbo,,,,2000,2000-02-01,Miscellaneous,160,0,tcgdex
Pokémon TCG,English,Base Set 2,Base Set 2,B2,,,,2000,2000-02-24,Original Series,130,130,"database.xlsx,tcgdex"
Pokémon TCG,English,Team Rocket,Team Rocket,TR,,,,2000,2000-04-24,Original Series,82,83,"database.xlsx,tcgdex"
Pokémon TCG,English,Topps Chrome Series 1,Topps Chrome Series 1,,,,,2000,2000-06-01,Topps Series,,0,database.xlsx
Pokémon TCG,English,Topps Series 2,Topps Series 2,,,,,2000,2000-06-01,Topps Series,,0,database.xlsx
Pokémon TCG,English,The Movie 2000,The Movie 2000,,,,,2000,2000-07-01,Topps Series,,0,database.xlsx
Pokémon TCG,English,Gym Heroes,Gym Heroes,G1,,,,2000,2000-08-14,Original Series,132,132,"database.xlsx,tcgdex"
Pokémon TCG,English,Gym Challenge,Gym Challenge,G2,,,,2000,2000-10-16,Original Series,132,132,"database.xlsx,tcgdex"
Pokémon TCG,English,Topps Chrome Series 2,Topps Chrome Series 2,,,,,2000,2000-12-01,Topps Series,,0,database.xlsx
Pokémon TCG,English,Topps Series 3,Topps Series 3,,,,,2000,2000-12-01,Topps Series,,0,database.xlsx
Pokémon TCG,English,Neo Genesis,Neo Genesis,N1,,,,2000,2000-12-16,Neo Series,111,111,"database.xlsx,tcgdex"
Pokémon TCG,English,Johto Series 1,Johto Series 1,,,,,2001,2001-02-01,Topps Series,,0,database.xlsx
Pokémon TCG,English,Johto Series 3,Johto Series 3,,,,,2001,2001-05-01,Topps Series,,0,database.xlsx
Pokémon TCG,English,Neo Discovery,Neo Discovery,N2,,,,2001,2001-06-01,Neo Series,75,75,"database.xlsx,tcgdex"
Pokémon TCG,English,Southern Islands,Southern Islands,SI,,,,2001,2001-07-31,Other,18,18,"database.xlsx,tcgdex"
Pokémon TCG,English,Neo Revelation,Neo Revelation,N3,,,,2001,2001-09-21,Neo Series,64,66,"database.xlsx,tcgdex"
Pokémon TCG,English,Johto League Champions,Johto League Champions,,,,,2001,2001-11-01,Topps Series,,0,database.xlsx
Pokémon TCG,English,Energize Your Game Cycle 2002,Energize Your Game Cycle 2002,EN02,,,,2002,2002-01-01,Unnumbered Energies,,0,database.xlsx
Pokémon TCG,English,Neo Destiny,Neo Destiny,N4,,,,2002,2002-02-28,Neo Series,105,113,"database.xlsx,tcgdex"
Pokémon TCG,English,Legendary Collection,Legendary Collection,LC,,,,2002,2002-05-24,Legendary Collection Series,110,110,"database.xlsx,tcgdex"
Pokémon TCG,English,Sample,,sp,,,,2002,2002-08-01,E-Card,10,0,tcgdex
Pokémon TCG,English,Expedition Base Set,Expedition Base Set,EX,,,,2002,2002-09-15,e-Card Series,165,165,"database.xlsx,tcgdex"
Pokémon TCG,English,Best of Game,Best of Game,BG,,,,2002,2002-12-01,Other,9,9,"database.xlsx,tcgdex"
Pokémon TCG,English,Aquapolis,Aquapolis,AQ,,,,2003,2003-01-15,e-Card Series,147,182,"database.xlsx,tcgdex"
Pokémon TCG,English,Advanced,Advanced,,,,,2003,2003-05-01,Topps Series,,0,database.xlsx
Pokémon TCG,English,Skyridge,Skyridge,SK,,,,2003,2003-05-12,e-Card Series,144,182,"database.xlsx,tcgdex"
Pokémon TCG,English,EX Ruby & Sapphire,EX Ruby & Sapphire,RS,,,,2003,2003-06-18,EX Series,109,109,"database.xlsx,tcgdex"
Pokémon TCG,English,Nintendo Promos,Nintendo Promos,NP,,,,2003,2003-09-01,EX Series,40,40,"database.xlsx,tcgdex"
Pokémon TCG,English,EX Sandstorm,EX Sandstorm,SS,,,,2003,2003-09-17,EX Series,100,100,"database.xlsx,tcgdex"
Pokémon TCG,English,EX Dragon,EX Dragon,DR,,,,2003,2003-11-24,EX Series,97,100,"database.xlsx,tcgdex"
Pokémon TCG,English,EX Team Magma vs Team Aqua,EX Team Magma vs Team Aqua,MA,,,,2004,2004-03-15,EX Series,95,97,"database.xlsx,tcgdex"
Pokémon TCG,English,Advanced Challenge,Advanced Challenge,HL,,,,2004,2004-06-01,Topps Series,101,102,"database.xlsx,tcgdex"
Pokémon TCG,English,EX Trainer Kit (Latias),EX Trainer Kit (Latias),TK1A,,,,2004,2004-07-01,Trainer & Deck Kits,10,10,"database.xlsx,tcgdex"
Pokémon TCG,English,EX Trainer Kit (Latios),EX Trainer Kit (Latios),TK1O,,,,2004,2004-07-01,Trainer & Deck Kits,10,10,"database.xlsx,tcgdex"
Pokémon TCG,English,Poké Card Creator Pack,Poké Card Creator Pack,PCP,,,,2004,2004-07-01,Other,5,5,"database.xlsx,tcgdex"
Pokémon TCG,English,EX FireRed & LeafGreen,EX FireRed & LeafGreen,RG,,,,2004,2004-08-30,EX Series,112,116,"database.xlsx,tcgdex"
Pokémon TCG,English,POP Series 1,POP Series 1,POP1,,,,2004,2004-09-01,Play! Pokémon Series,17,17,"database.xlsx,tcgdex"
Pokémon TCG,English,Team Rocket Returns,,TR,,,,2004,2004-11-01,EX,109,111,tcgdex
Pokémon TCG,English,WC Deck 2004 (Blaziken Tech),WC Deck 2004 (Blaziken Tech),,,,,2004,2004-11-01,World Championships Decks,,0,database.xlsx
Pokémon TCG,English,WC Deck 2004 (Magma Spirit),WC Deck 2004 (Magma Spirit),,,,,2004,2004-11-01,World Championships Decks,,0,database.xlsx
Pokémon TCG,English,WC Deck 2004 (Rocky Beach),WC Deck 2004 (Rocky Beach),,,,,2004,2004-11-01,World Championships Decks,,0,database.xlsx
Pokémon TCG,English,WC Deck 2004 (Team Rushdown),WC Deck 2004 (Team Rushdown),,,,,2004,2004-11-01,World Championships Decks,,0,database.xlsx
Pokémon TCG,English,EX Team Rocket Returns,EX Team Rocket Returns,TR,,,,2004,2004-11-08,EX Series,,0,database.xlsx
Pokémon TCG,English,2005 Energies,2005 Energies,EN05,,,,2005,2005-01-01,Unnumbered Energies,,0,database.xlsx
Pokémon TCG,English,EX Deoxys,EX Deoxys,DX,,,,2005,2005-02-14,EX Series,107,108,"database.xlsx,tcgdex"
Pokémon TCG,English,EX Emerald,EX Emerald,EM,,,,2005,2005-05-09,EX Series,106,107,"database.xlsx,tcgdex"
Pokémon TCG,English,POP Series 2,POP Series 2,POP2,,,,2005,2005-08-01,Play! Pokémon Series,17,17,"database.xlsx,tcgdex"
Pokémon TCG,English,EX Unseen Forces,EX Unseen Forces,UF,,,,2005,2005-08-22,EX Series,115,117,"database.xlsx,tcgdex"
Pokémon TCG,English,Unseen Forces Unown Collection,,exu,,,,2005,2005-08-22,EX,28,28,tcgdex
Pokémon TCG,English,EX Delta Species,EX Delta Species,DS,,,,2005,2005-10-31,EX Series,113,114,"database.xlsx,tcgdex"
Pokémon TCG,English,WC Deck 2005 (Bright Aura),WC Deck 2005 (Bright Aura),,,,,2005,2005-10-31,World Championships Decks,,0,database.xlsx
Pokémon TCG,English,WC Deck 2005 (Dark Tyranitar),WC Deck 2005 (Dark Tyranitar),,,,,2005,2005-10-31,World Championships Decks,,0,database.xlsx
Pokémon TCG,English,WC Deck 2005 (King of the West),WC Deck 2005 (King of the West),,,,,2005,2005-10-31,World Championships Decks,,0,database.xlsx
Pokémon TCG,English,WC Deck 2005 (Queendom),WC Deck 2005 (Queendom),,,,,2005,2005-10-31,World Championships Decks,,0,database.xlsx
Pokémon TCG,English,2006 Energies,2006 Energies,EN06,,,,2006,2006-01-01,Unnumbered Energies,,0,database.xlsx
Pokémon TCG,English,EX Legend Maker,EX Legend Maker,LM,,,,2006,2006-02-13,EX Series,92,93,"database.xlsx,tcgdex"
Pokémon TCG,English,EX Trainer Kit 2 (Minun),EX Trainer Kit 2 (Minun),TK2M,,,,2006,2006-03-01,Trainer & Deck Kits,12,12,"database.xlsx,tcgdex"
Pokémon TCG,English,EX Trainer Kit 2 (Plusle),EX Trainer Kit 2 (Plusle),TK2P,,,,2006,2006-03-01,Trainer & Deck Kits,12,12,"database.xlsx,tcgdex"
Pokémon TCG,English,POP Series 3,POP Series 3,POP3,,,,2006,2006-04-01,Play! Pokémon Series,17,17,"database.xlsx,tcgdex"
Pokémon TCG,English,EX Holon Phantoms,EX Holon Phantoms,HP,,,,2006,2006-05-03,EX Series,110,111,"database.xlsx,tcgdex"
Pokémon TCG,English,POP Series 4,POP Series 4,POP4,,,,2006,2006-08-01,Play! Pokémon Series,17,17,"database.xlsx,tcgdex"
Pokémon TCG,English,Next Quest,Next Quest,,,,,2006,2006-08-27,Other,,0,database.xlsx
Pokémon TCG,English,EX Crystal Guardians,EX Crystal Guardians,CG,,,,2006,2006-08-30,EX Series,100,100,"database.xlsx,tcgdex"
Pokémon TCG,English,WC Deck 2006 (B-L-S),WC Deck 2006 (B-L-S),,,,,2006,2006-10-31,World Championships Decks,,0,database.xlsx
Pokémon TCG,English,WC Deck 2006 (Eeveelutions),WC Deck 2006 (Eeveelutions),,,,,2006,2006-10-31,World Championships Decks,,0,database.xlsx
Pokémon TCG,English,WC Deck 2006 (Mewtrick),WC Deck 2006 (Mewtrick),,,,,2006,2006-10-31,World Championships Decks,,0,database.xlsx
Pokémon TCG,English,WC Deck 2006 (Suns & Moons),WC Deck 2006 (Suns & Moons),,,,,2006,2006-10-31,World Championships Decks,,0,database.xlsx
Pokémon TCG,English,EX Dragon Frontiers,EX Dragon Frontiers,DF,,,,2006,2006-11-08,EX Series,101,101,"database.xlsx,tcgdex"
Pokémon TCG,English,EX Power Keepers,EX Power Keepers,PK,,,,2007,2007-02-14,EX Series,108,108,"database.xlsx,tcgdex"
Pokémon TCG,English,POP Series 5,POP Series 5,POP5,,,,2007,2007-03-01,Play! Pokémon Series,17,17,"database.xlsx,tcgdex"
Pokémon TCG,English,Diamond & Pearl Promos,Diamond & Pearl Promos,DPP,,,,2007,2007-05-01,Diamond & Pearl Series,56,56,"database.xlsx,tcgdex"
Pokémon TCG,English,2007 Energies,2007 Energies,EN07,,,,2007,2007-05-23,Unnumbered Energies,,0,database.xlsx
Pokémon TCG,English,Diamond & Pearl,Diamond & Pearl,DP,,,,2007,2007-05-23,Diamond & Pearl Series,130,130,"database.xlsx,tcgdex"
Pokémon TCG,English,Mysterious Treasures,Mysterious Treasures,MT,,,,2007,2007-08-22,Diamond & Pearl Series,123,124,"database.xlsx,tcgdex"
Pokémon TCG,English,DP Trainer Kit (Lucario),DP Trainer Kit (Lucario),TK3L,,,,2007,2007-09-01,Trainer & Deck Kits,11,11,"database.xlsx,tcgdex"
Pokémon TCG,English,DP Trainer Kit (Manaphy),DP Trainer Kit (Manaphy),TK3M,,,,2007,2007-09-01,Trainer & Deck Kits,12,12,"database.xlsx,tcgdex"
Pokémon TCG,English,POP Series 6,POP Series 6,POP6,,,,2007,2007-09-01,Play! Pokémon Series,17,17,"database.xlsx,tcgdex"
Pokémon TCG,English,Secret Wonders,Secret Wonders,SW,,,,2007,2007-11-07,Diamond & Pearl Series,132,132,"database.xlsx,tcgdex"
Pokémon TCG,English,WC Deck 2007 (Flyvees),WC Deck 2007 (Flyvees),,,,,2007,2007-11-19,World Championships Decks,,0,database.xlsx
Pokémon TCG,English,WC Deck 2007 (Legendary Ascent),WC Deck 2007 (Legendary Ascent),,,,,2007,2007-11-19,World Championships Decks,,0,database.xlsx
Pokémon TCG,English,WC Deck 2007 (Rambolt),WC Deck 2007 (Rambolt),,,,,2007,2007-11-19,World Championships Decks,,0,database.xlsx
Pokémon TCG,English,WC Deck 2007 (Swift Empoleon),WC Deck 2007 (Swift Empoleon),,,,,2007,2007-11-19,World Championships Decks,,0,database.xlsx
Pokémon TCG,English,Great Encounters,Great Encounters,GE,,,,2008,2008-02-13,Diamond & Pearl Series,106,106,"database.xlsx,tcgdex"
Pokémon TCG,English,POP Series 7,POP Series 7,POP7,,,,2008,2008-03-01,Play! Pokémon Series,17,17,"database.xlsx,tcgdex"
Pokémon TCG,English,Majestic Dawn,Majestic Dawn,MD,,,,2008,2008-05-21,Diamond & Pearl Series,100,100,"database.xlsx,tcgdex"
Pokémon TCG,English,Burger King Collection 2008,Burger King Collection 2008,,,,,2008,2008-07-07,Other,,0,database.xlsx
Pokémon TCG,English,Legends Awakened,Legends Awakened,LA,,,,2008,2008-08-20,Diamond & Pearl Series,146,146,"database.xlsx,tcgdex"
Pokémon TCG,English,POP Series 8,POP Series 8,POP8,,,,2008,2008-09-01,Play! Pokémon Series,17,17,"database.xlsx,tcgdex"
Pokémon TCG,English,Stormfront,Stormfront,SF,,,,2008,2008-11-05,Diamond & Pearl Series,100,106,"database.xlsx,tcgdex"
Pokémon TCG,English,WC Deck 2008 (Bliss Control),WC Deck 2008 (Bliss Control),,,,,2008,2008-11-05,World Championships Decks,,0,database.xlsx
Pokémon TCG,English,WC Deck 2008 (Empotech),WC Deck 2008 (Empotech),,,,,2008,2008-11-05,World Championships Decks,,0,database.xlsx
Pokémon TCG,English,WC Deck 2008 (Intimidation),WC Deck 2008 (Intimidation),,,,,2008,2008-11-05,World Championships Decks,,0,database.xlsx
Pokémon TCG,English,WC Deck 2008 (Psychic Lock),WC Deck 2008 (Psychic Lock),,,,,2008,2008-11-05,World Championships Decks,,0,database.xlsx
Pokémon TCG,English,2009 Energies,2009 Energies,EN09,,,,2009,2009-01-01,Unnumbered Energies,,0,database.xlsx
Pokémon TCG,English,Platinum,Platinum,PL,,,,2009,2009-02-11,Platinum Series,127,133,"database.xlsx,tcgdex"
Pokémon TCG,English,POP Series 9,POP Series 9,POP9,,,,2009,2009-03-01,Play! Pokémon Series,17,17,"database.xlsx,tcgdex"
Pokémon TCG,English,Rising Rivals,Rising Rivals,RR,,,,2009,2009-05-20,Platinum Series,111,120,"database.xlsx,tcgdex"
Pokémon TCG,English,Burger King Collection 2009,Burger King Collection 2009,,,,,2009,2009-06-01,Other,,0,database.xlsx
Pokémon TCG,English,Supreme Victors,Supreme Victors,SV,,,,2009,2009-08-19,Platinum Series,147,153,"database.xlsx,tcgdex"
Pokémon TCG,English,WC Deck 2009 (Crowned Tiger),WC Deck 2009 (Crowned Tiger),,,,,2009,2009-10-28,World Championships Decks,,0,database.xlsx
Pokémon TCG,English,WC Deck 2009 (Luxdrill),WC Deck 2009 (Luxdrill),,,,,2009,2009-10-28,World Championships Decks,,0,database.xlsx
Pokémon TCG,English,WC Deck 2009 (Queengar),WC Deck 2009 (Queengar),,,,,2009,2009-10-28,World Championships Decks,,0,database.xlsx
Pokémon TCG,English,WC Deck 2009 (Stallgon),WC Deck 2009 (Stallgon),,,,,2009,2009-10-28,World Championships Decks,,0,database.xlsx
Pokémon TCG,English,Arceus,Arceus,AR,,,,2009,2009-11-04,Platinum Series,99,111,"database.xlsx,tcgdex"
Pokémon TCG,English,Pokémon Rumble,Pokémon Rumble,RM,,,,2009,2009-12-02,Other,16,16,"database.xlsx,tcgdex"
Pokémon TCG,English,2010 Energies,2010 Energies,EN10,,,,2010,2010-01-01,Unnumbered Energies,,0,database.xlsx
Pokémon TCG,English,HeartGold & SoulSilver Promos,HeartGold & SoulSilver Promos,HSP,,,,2010,2010-02-01,HeartGold & SoulSilver Series,,0,database.xlsx
Pokémon TCG,English,HeartGold & SoulSilver,HeartGold & SoulSilver,HS,,,,2010,2010-02-10,HeartGold & SoulSilver Series,123,124,"database.xlsx,tcgdex"
Pokémon TCG,English,HGSS Black Star Promos,,hgssp,,,,2010,2010-02-11,HeartGold & SoulSilver,25,25,tcgdex
Pokémon TCG,English,HGSS Trainer Kit (Gyarados),HGSS Trainer Kit (Gyarados),TK4G,,,,2010,2010-05-01,Trainer & Deck Kits,30,30,"database.xlsx,tcgdex"
Pokémon TCG,English,HGSS Trainer Kit (Raichu),HGSS Trainer Kit (Raichu),TK4R,,,,2010,2010-05-01,Trainer & Deck Kits,30,30,"database.xlsx,tcgdex"
Pokémon TCG,English,Unleashed,Unleashed,UL,,,,2010,2010-05-12,HeartGold & SoulSilver Series,95,96,"database.xlsx,tcgdex"
Pokémon TCG,English,Undaunted,Undaunted,UD,,,,2010,2010-08-18,HeartGold & SoulSilver Series,90,91,"database.xlsx,tcgdex"
Pokémon TCG,English,WC Deck 2010 (Boltevoir),WC Deck 2010 (Boltevoir),,,,,2010,2010-11-01,World Championships Decks,,0,database.xlsx
Pokémon TCG,English,WC Deck 2010 (Happy Luck),WC Deck 2010 (Happy Luck),,,,,2010,2010-11-01,World Championships Decks,,0,database.xlsx
Pokémon TCG,English,WC Deck 2010 (LuxChomp of the Spirit),WC Deck 2010 (LuxChomp of the Spirit),,,,,2010,2010-11-01,World Championships Decks,,0,database.xlsx
Pokémon TCG,English,WC Deck 2010 (Power Cottonweed),WC Deck 2010 (Power Cottonweed),,,,,2010,2010-11-01,World Championships Decks,,0,database.xlsx
Pokémon TCG,English,Triumphant,Triumphant,TM,,,,2010,2010-11-02,HeartGold & SoulSilver Series,102,103,"database.xlsx,tcgdex"
Pokémon TCG,English,2011 Energies,2011 Energies,EN11,,,,2011,2011-01-01,Unnumbered Energies,,0,database.xlsx
Pokémon TCG,English,Call of Legends,Call of Legends,CL,,,,2011,2011-02-09,Call of Legends Series,95,106,"database.xlsx,tcgdex"
Pokémon TCG,English,Black & White Promos,Black & White Promos,BWP,,,,2011,2011-03-01,Black & White Series,101,101,"database.xlsx,tcgdex"
Pokémon TCG,English,Black & White,Black & White,BLW,,,,2011,2011-04-25,Black & White Series,114,115,"database.xlsx,tcgdex"
Pokémon TCG,English,McDonald's Collection 2011,McDonald's Collection 2011,M11,,,,2011,2011-06-17,McDonald's Series,12,12,"database.xlsx,tcgdex"
Pokémon TCG,English,Emerging Powers,Emerging Powers,EPO,,,,2011,2011-08-31,Black & White Series,98,98,"database.xlsx,tcgdex"
Pokémon TCG,English,BW Trainer Kit (Excadrill),BW Trainer Kit (Excadrill),TK5E,,,,2011,2011-09-01,Trainer & Deck Kits,30,30,"database.xlsx,tcgdex"
Pokémon TCG,English,BW Trainer Kit (Zoroark),BW Trainer Kit (Zoroark),TK5Z,,,,2011,2011-09-01,Trainer & Deck Kits,30,30,"database.xlsx,tcgdex"
Pokémon TCG,English,WC Deck 2011 (Megazone),WC Deck 2011 (Megazone),,,,,2011,2011-10-01,World Championships Decks,,0,database.xlsx
Pokémon TCG,English,WC Deck 2011 (Reshiphlosion),WC Deck 2011 (Reshiphlosion),,,,,2011,2011-10-01,World Championships Decks,,0,database.xlsx
Pokémon TCG,English,WC Deck 2011 (The Truth),WC Deck 2011 (The Truth),,,,,2011,2011-10-01,World Championships Decks,,0,database.xlsx
Pokémon TCG,English,WC Deck 2011 (Twinboar),WC Deck 2011 (Twinboar),,,,,2011,2011-10-01,World Championships Decks,,0,database.xlsx
Pokémon TCG,English,Noble Victories,Noble Victories,NVI,,,,2011,2011-11-16,Black & White Series,101,102,"database.xlsx,tcgdex"
Pokémon TCG,English,Next Destinies,Next Destinies,NXD,,,,2012,2012-02-08,Black & White Series,99,103,"database.xlsx,tcgdex"
Pokémon TCG,English,Dark Explorers,Dark Explorers,DEX,,,,2012,2012-05-09,Black & White Series,108,111,"database.xlsx,tcgdex"
Pokémon TCG,English,McDonald's Collection 2012,McDonald's Collection 2012,M12,,,,2012,2012-06-15,McDonald's Series,12,12,"database.xlsx,tcgdex"
Pokémon TCG,English,Dragons Exalted,Dragons Exalted,DRX,,,,2012,2012-08-15,Black & White Series,124,128,"database.xlsx,tcgdex"
Pokémon TCG,English,Dragon Vault,Dragon Vault,DRV,,,,2012,2012-10-05,Black & White Series,20,21,"database.xlsx,tcgdex"
Pokémon TCG,English,WC Deck 2012 (CMT),WC Deck 2012 (CMT),,,,,2012,2012-11-01,World Championships Decks,,0,database.xlsx
Pokémon TCG,English,WC Deck 2012 (Eeltwo),WC Deck 2012 (Eeltwo),,,,,2012,2012-11-01,World Championships Decks,,0,database.xlsx
Pokémon TCG,English,WC Deck 2012 (Pesadelo Prism),WC Deck 2012 (Pesadelo Prism),,,,,2012,2012-11-01,World Championships Decks,,0,database.xlsx
Pokémon TCG,English,WC Deck 2012 (Terraki-Mewtwo),WC Deck 2012 (Terraki-Mewtwo),,,,,2012,2012-11-01,World Championships Decks,,0,database.xlsx
Pokémon TCG,English,Boundaries Crossed,Boundaries Crossed,BCR,,,,2012,2012-11-07,Black & White Series,149,153,"database.xlsx,tcgdex"
Pokémon TCG,English,2013 Energies,2013 Energies,EN13,,,,2013,2013-01-01,Unnumbered Energies,,0,database.xlsx
Pokémon TCG,English,Plasma Storm,Plasma Storm,PLS,,,,2013,2013-02-06,Black & White Series,135,138,"database.xlsx,tcgdex"
Pokémon TCG,English,Plasma Freeze,Plasma Freeze,PLF,,,,2013,2013-05-08,Black & White Series,116,122,"database.xlsx,tcgdex"
Pokémon TCG,English,Plasma Blast,Plasma Blast,PLB,,,,2013,2013-08-14,Black & White Series,101,105,"database.xlsx,tcgdex"
Pokémon TCG,English,XY Promos,XY Promos,XYP,,,,2013,2013-09-30,XY Series,211,211,"database.xlsx,tcgdex"
Pokémon TCG,English,McDonald's Collection 2013,McDonald's Collection 2013,M13,,,,2013,2013-10-13,McDonald's Series,,0,database.xlsx
Pokémon TCG,English,WC Deck 2013 (American Gothic),WC Deck 2013 (American Gothic),,,,,2013,2013-11-04,World Championships Decks,,0,database.xlsx
Pokémon TCG,English,WC Deck 2013 (Anguille Sous Roche),WC Deck 2013 (Anguille Sous Roche),,,,,2013,2013-11-04,World Championships Decks,,0,database.xlsx
Pokémon TCG,English,WC Deck 2013 (Darkrai),WC Deck 2013 (Darkrai),,,,,2013,2013-11-04,World Championships Decks,,0,database.xlsx
Pokémon TCG,English,WC Deck 2013 (Ultimate Team Plasma),WC Deck 2013 (Ultimate Team Plasma),,,,,2013,2013-11-04,World Championships Decks,,0,database.xlsx
Pokémon TCG,English,Legendary Treasures,Legendary Treasures,LTR,,,,2013,2013-11-06,Black & White Series,113,140,"database.xlsx,tcgdex"
Pokémon TCG,English,Legendary Treasures (Radiant Collection),Legendary Treasures (Radiant Collection),LTR,,,,2013,2013-11-06,Black & White Series,25,0,"database.xlsx,tcgdex"
Pokémon TCG,English,Kalos Starter Set,Kalos Starter Set,KSS,,,,2013,2013-11-08,XY Series,39,39,"database.xlsx,tcgdex"
Pokémon TCG,English,XY,XY,XY,,,,2014,2014-02-05,XY Series,146,146,"database.xlsx,tcgdex"
Pokémon TCG,English,Yellow A Alternate,Yellow A Alternate,xya,,,,2014,2014-02-05,Other,6,6,"database.xlsx,tcgdex"
Pokémon TCG,English,XY Trainer Kit (Noivern),XY Trainer Kit (Noivern),TK6N,,,,2014,2014-03-12,Trainer & Deck Kits,30,30,"database.xlsx,tcgdex"
Pokémon TCG,English,XY Trainer Kit (Sylveon),XY Trainer Kit (Sylveon),TK6S,,,,2014,2014-03-12,Trainer & Deck Kits,30,30,"database.xlsx,tcgdex"
Pokémon TCG,English,Flashfire,Flashfire,FLF,,,,2014,2014-05-07,XY Series,106,109,"database.xlsx,tcgdex"
Pokémon TCG,English,McDonald's Collection 2014,McDonald's Collection 2014,M14,,,,2014,2014-05-23,McDonald's Series,12,12,"database.xlsx,tcgdex"
Pokémon TCG,English,Furious Fists,Furious Fists,FFI,,,,2014,2014-08-13,XY Series,111,113,"database.xlsx,tcgdex"
Pokémon TCG,English,WC Deck 2014 (Crazy Punch),WC Deck 2014 (Crazy Punch),,,,,2014,2014-11-01,World Championships Decks,,0,database.xlsx
Pokémon TCG,English,WC Deck 2014 (Emerald King),WC Deck 2014 (Emerald King),,,,,2014,2014-11-01,World Championships Decks,,0,database.xlsx
Pokémon TCG,English,WC Deck 2014 (Plasma Power),WC Deck 2014 (Plasma Power),,,,,2014,2014-11-01,World Championships Decks,,0,database.xlsx
Pokémon TCG,English,WC Deck 2014 (Trevgor),WC Deck 2014 (Trevgor),,,,,2014,2014-11-01,World Championships Decks,,0,database.xlsx
Pokémon TCG,English,XY Trainer Kit (Bisharp),XY Trainer Kit (Bisharp),TK7B,,,,2014,2014-11-01,Trainer & Deck Kits,30,30,"database.xlsx,tcgdex"
Pokémon TCG,English,XY Trainer Kit (Wigglytuff),XY Trainer Kit (Wigglytuff),TK7W,,,,2014,2014-11-01,Trainer & Deck Kits,30,30,"database.xlsx,tcgdex"
Pokémon TCG,English,Phantom Forces,Phantom Forces,PHF,,,,2014,2014-11-05,XY Series,119,122,"database.xlsx,tcgdex"
Pokémon TCG,English,Primal Clash,Primal Clash,PRC,,,,2015,2015-02-04,XY Series,160,164,"database.xlsx,tcgdex"
Pokémon TCG,English,Double Crisis,Double Crisis,DCR,,,,2015,2015-03-25,XY Series,34,34,"database.xlsx,tcgdex"
Pokémon TCG,English,XY Trainer Kit (Latias),XY Trainer Kit (Latias),TK8A,,,,2015,2015-04-29,Trainer & Deck Kits,30,30,"database.xlsx,tcgdex"
Pokémon TCG,English,XY Trainer Kit (Latios),XY Trainer Kit (Latios),TK8O,,,,2015,2015-04-29,Trainer & Deck Kits,30,30,"database.xlsx,tcgdex"
Pokémon TCG,English,Roaring Skies,Roaring Skies,ROS,,,,2015,2015-05-06,XY Series,108,110,"database.xlsx,tcgdex"
Pokémon TCG,English,Ancient Origins,Ancient Origins,AOR,,,,2015,2015-08-12,XY Series,98,100,"database.xlsx,tcgdex"
Pokémon TCG,English,WC Deck 2015 (HonorStoise),WC Deck 2015 (HonorStoise),,,,,2015,2015-11-01,World Championships Decks,,0,database.xlsx
Pokémon TCG,English,WC Deck 2015 (Primal Groudon),WC Deck 2015 (Primal Groudon),,,,,2015,2015-11-01,World Championships Decks,,0,database.xlsx
Pokémon TCG,English,WC Deck 2015 (Punches 'n' Bites),WC Deck 2015 (Punches 'n' Bites),,,,,2015,2015-11-01,World Championships Decks,,0,database.xlsx
Pokémon TCG,English,WC Deck 2015 (The Flying Hammer),WC Deck 2015 (The Flying Hammer),,,,,2015,2015-11-01,World Championships Decks,,0,database.xlsx
Pokémon TCG,English,BREAKthrough,BREAKthrough,BKT,,,,2015,2015-11-04,XY Series,162,164,"database.xlsx,tcgdex"
Pokémon TCG,English,McDonald's Collection 2015,McDonald's Collection 2015,M15,,,,2015,2015-11-27,McDonald's Series,12,12,"database.xlsx,tcgdex"
Pokémon TCG,English,BREAKpoint,BREAKpoint,BKP,,,,2016,2016-02-03,XY Series,122,123,"database.xlsx,tcgdex"
Pokémon TCG,English,Generations,Generations,GEN,,,,2016,2016-02-22,XY Series,83,115,"database.xlsx,tcgdex"
Pokémon TCG,English,Generations (Radiant Collection),Generations (Radiant Collection),GEN,,,,2016,2016-02-22,XY Series,,0,database.xlsx
Pokémon TCG,English,XY Trainer Kit (Pikachu Libre),XY Trainer Kit (Pikachu Libre),TK9P,,,,2016,2016-04-27,Trainer & Deck Kits,30,30,"database.xlsx,tcgdex"
Pokémon TCG,English,XY Trainer Kit (Suicune),XY Trainer Kit (Suicune),TK9S,,,,2016,2016-04-27,Trainer & Deck Kits,30,30,"database.xlsx,tcgdex"
Pokémon TCG,English,Fates Collide,Fates Collide,FCO,,,,2016,2016-05-02,XY Series,124,125,"database.xlsx,tcgdex"
Pokémon TCG,English,Steam Siege,Steam Siege,STS,,,,2016,2016-08-03,XY Series,114,116,"database.xlsx,tcgdex"
Pokémon TCG,English,McDonald's Collection 2016,McDonald's Collection 2016,M16,,,,2016,2016-08-20,McDonald's Series,12,12,"database.xlsx,tcgdex"
Pokémon TCG,English,Sun & Moon Promos,Sun & Moon Promos,SMP,,,,2016,2016-10-31,Sun & Moon Series,248,248,"database.xlsx,tcgdex"
Pokémon TCG,English,WC Deck 2016 (Bebe Deck),WC Deck 2016 (Bebe Deck),,,,,2016,2016-11-01,World Championships Decks,,0,database.xlsx
Pokémon TCG,English,WC Deck 2016 (Black Dragon),WC Deck 2016 (Black Dragon),,,,,2016,2016-11-01,World Championships Decks,,0,database.xlsx
Pokémon TCG,English,WC Deck 2016 (Magical Symphony),WC Deck 2016 (Magical Symphony),,,,,2016,2016-11-01,World Championships Decks,,0,database.xlsx
Pokémon TCG,English,WC Deck 2016 (Ninja Blitz),WC Deck 2016 (Ninja Blitz),,,,,2016,2016-11-01,World Championships Decks,,0,database.xlsx
Pokémon TCG,English,Evolutions,Evolutions,EVO,,,,2016,2016-11-02,XY Series,108,113,"database.xlsx,tcgdex"
Pokémon TCG,English,2017 Energies,2017 Energies,EN17,,,,2017,2017-02-03,Unnumbered Energies,,0,database.xlsx
Pokémon TCG,English,Sun & Moon,Sun & Moon,SUM,,,,2017,2017-02-03,Sun & Moon Series,149,172,"database.xlsx,tcgdex"
Pokémon TCG,English,SM Trainer Kit (Alolan Raichu),SM Trainer Kit (Alolan Raichu),TK10R,,,,2017,2017-04-21,Trainer & Deck Kits,30,30,"database.xlsx,tcgdex"
Pokémon TCG,English,SM Trainer Kit (Lycanroc),SM Trainer Kit (Lycanroc),TK10L,,,,2017,2017-04-21,Trainer & Deck Kits,30,18,"database.xlsx,tcgdex"
Pokémon TCG,English,Guardians Rising,Guardians Rising,GRI,,,,2017,2017-05-05,Sun & Moon Series,145,169,"database.xlsx,tcgdex"
Pokémon TCG,English,McDonald's Collection 2017,McDonald's Collection 2017,M17,,,,2017,2017-08-03,McDonald's Series,12,12,"database.xlsx,tcgdex"
Pokémon TCG,English,Burning Shadows,Burning Shadows,BUS,,,,2017,2017-08-04,Sun & Moon Series,147,169,"database.xlsx,tcgdex"
Pokémon TCG,English,Shining Legends,Shining Legends,SLG,,,,2017,2017-10-06,Sun & Moon Series,73,78,"database.xlsx,tcgdex"
Pokémon TCG,English,Crimson Invasion,Crimson Invasion,CIN,,,,2017,2017-11-03,Sun & Moon Series,111,124,"database.xlsx,tcgdex"
Pokémon TCG,English,WC Deck 2017 (Golisodor),WC Deck 2017 (Golisodor),,,,,2017,2017-11-17,World Championships Decks,,0,database.xlsx
Pokémon TCG,English,WC Deck 2017 (Ice Path FTW),WC Deck 2017 (Ice Path FTW),,,,,2017,2017-11-17,World Championships Decks,,0,database.xlsx
Pokémon TCG,English,WC Deck 2017 (Infinite Force),WC Deck 2017 (Infinite Force),,,,,2017,2017-11-17,World Championships Decks,,0,database.xlsx
Pokémon TCG,English,WC Deck 2017 (Samurai Sniper),WC Deck 2017 (Samurai Sniper),,,,,2017,2017-11-17,World Championships Decks,,0,database.xlsx
Pokémon TCG,English,Ultra Prism,Ultra Prism,UPR,,,,2018,2018-02-02,Sun & Moon Series,156,173,"database.xlsx,tcgdex"
Pokémon TCG,English,Forbidden Light,Forbidden Light,FLI,,,,2018,2018-05-04,Sun & Moon Series,131,146,"database.xlsx,tcgdex"
Pokémon TCG,English,McDonald's Collection 2018 (French),McDonald's Collection 2018 (French),M18F,,,,2018,2018-06-13,McDonald's Series,,0,database.xlsx
Pokémon TCG,English,Celestial Storm,Celestial Storm,CES,,,,2018,2018-08-03,Sun & Moon Series,168,183,"database.xlsx,tcgdex"
Pokémon TCG,English,Dragon Majesty,Dragon Majesty,DRM,,,,2018,2018-09-07,Sun & Moon Series,70,78,"database.xlsx,tcgdex"
Pokémon TCG,English,McDonald's Collection 2018,McDonald's Collection 2018,M18,,,,2018,2018-10-19,McDonald's Series,12,12,"database.xlsx,tcgdex"
Pokémon TCG,English,Lost Thunder,Lost Thunder,LOT,,,,2018,2018-11-02,Sun & Moon Series,214,236,"database.xlsx,tcgdex"
Pokémon TCG,English,WC Deck 2018 (Buzzroc),WC Deck 2018 (Buzzroc),,,,,2018,2018-11-14,World Championships Decks,,0,database.xlsx
Pokémon TCG,English,WC Deck 2018 (Dragones y Sombras),WC Deck 2018 (Dragones y Sombras),,,,,2018,2018-11-14,World Championships Decks,,0,database.xlsx
Pokémon TCG,English,WC Deck 2018 (Garbanette),WC Deck 2018 (Garbanette),,,,,2018,2018-11-14,World Championships Decks,,0,database.xlsx
Pokémon TCG,English,WC Deck 2018 (Victory Map),WC Deck 2018 (Victory Map),,,,,2018,2018-11-14,World Championships Decks,,0,database.xlsx
Pokémon TCG,English,2019 Energies,2019 Energies,EN19,,,,2019,2019-02-01,Unnumbered Energies,,0,database.xlsx
Pokémon TCG,English,Team Up,Team Up,TEU,,,,2019,2019-02-01,Sun & Moon Series,181,196,"database.xlsx,tcgdex"
Pokémon TCG,English,Detective Pikachu,Detective Pikachu,DET,,,,2019,2019-03-29,Sun & Moon Series,18,18,"database.xlsx,tcgdex"
Pokémon TCG,English,Unbroken Bonds,Unbroken Bonds,UNB,,,,2019,2019-05-03,Sun & Moon Series,214,234,"database.xlsx,tcgdex"
Pokémon TCG,English,Unified Minds,Unified Minds,UNM,,,,2019,2019-08-02,Sun & Moon Series,236,258,"database.xlsx,tcgdex"
Pokémon TCG,English,Hidden Fates,Hidden Fates,HIF,,,,2019,2019-08-23,Sun & Moon Series,68,69,"database.xlsx,tcgdex"
Pokémon TCG,English,Hidden Fates (Shiny Vault),Hidden Fates (Shiny Vault),HIF,,,,2019,2019-08-23,Sun & Moon Series,94,94,"database.xlsx,tcgdex"
Pokémon TCG,English,McDonald's Collection 2019,McDonald's Collection 2019,M19,,,,2019,2019-10-15,McDonald's Series,12,12,"database.xlsx,tcgdex"
Pokémon TCG,English,McDonald's Collection 2019 (French),McDonald's Collection 2019 (French),M19F,,,,2019,2019-10-30,McDonald's Series,,0,database.xlsx
Pokémon TCG,English,Cosmic Eclipse,Cosmic Eclipse,CEC,,,,2019,2019-11-01,Sun & Moon Series,236,271,"database.xlsx,tcgdex"
Pokémon TCG,English,Sword & Shield Promos,Sword & Shield Promos,SSP,,,,2019,2019-11-15,Sword & Shield Series,307,307,"database.xlsx,tcgdex"
Pokémon TCG,English,WC Deck 2019 (Fire Box),WC Deck 2019 (Fire Box),,,,,2019,2019-11-22,World Championships Decks,,0,database.xlsx
Pokémon TCG,English,WC Deck 2019 (Mind Blown),WC Deck 2019 (Mind Blown),,,,,2019,2019-11-22,World Championships Decks,,0,database.xlsx
Pokémon TCG,English,WC Deck 2019 (Perfection),WC Deck 2019 (Perfection),,,,,2019,2019-11-22,World Championships Decks,,0,database.xlsx
Pokémon TCG,English,WC Deck 2019 (Pikarom Judge),WC Deck 2019 (Pikarom Judge),,,,,2019,2019-11-22,World Championships Decks,,0,database.xlsx
Pokémon TCG,English,2020 Energies,2020 Energies,EN20,,,,2020,2020-02-07,Unnumbered Energies,,0,database.xlsx
Pokémon TCG,English,Sword & Shield,Sword & Shield,SSH,,,,2020,2020-02-07,Sword & Shield Series,202,216,"database.xlsx,tcgdex"
Pokémon TCG,English,Rebel Clash,Rebel Clash,RCL,,,,2020,2020-05-01,Sword & Shield Series,192,209,"database.xlsx,tcgdex"
Pokémon TCG,English,Battle Academy 2020 (Charizard),Battle Academy 2020 (Charizard),,,,,2020,2020-06-21,Trainer & Deck Kits,,0,database.xlsx
Pokémon TCG,English,Battle Academy 2020 (Mewtwo),Battle Academy 2020 (Mewtwo),,,,,2020,2020-06-21,Trainer & Deck Kits,,0,database.xlsx
Pokémon TCG,English,Battle Academy 2020 (Pikachu),Battle Academy 2020 (Pikachu),,,,,2020,2020-06-21,Trainer & Deck Kits,,0,database.xlsx
Pokémon TCG,English,Darkness Ablaze,Darkness Ablaze,DAA,,,,2020,2020-08-14,Sword & Shield Series,189,201,"database.xlsx,tcgdex"
Pokémon TCG,English,Pokémon Futsal,Pokémon Futsal,FUT20,,,,2020,2020-09-11,Other,5,5,"database.xlsx,tcgdex"
Pokémon TCG,English,Champion's Path,Champion's Path,CPA,,,,2020,2020-09-25,Sword & Shield Series,73,80,"database.xlsx,tcgdex"
Pokémon TCG,English,Vivid Voltage,Vivid Voltage,VIV,,,,2020,2020-11-13,Sword & Shield Series,185,203,"database.xlsx,tcgdex"
Pokémon TCG,English,McDonald's Collection 2021,McDonald's Collection 2021,M21,,,,2021,2021-02-09,McDonald's Series,25,25,"database.xlsx,tcgdex"
Pokémon TCG,English,Shining Fates,Shining Fates,SHF,,,,2021,2021-02-19,Sword & Shield Series,72,73,"database.xlsx,tcgdex"
Pokémon TCG,English,Shining Fates (Shiny Vault),Shining Fates (Shiny Vault),SHF,,,,2021,2021-02-19,Sword & Shield Series,122,122,"database.xlsx,tcgdex"
Pokémon TCG,English,Battle Styles,Battle Styles,BST,,,,2021,2021-03-19,Sword & Shield Series,163,183,"database.xlsx,tcgdex"
Pokémon TCG,English,Chilling Reign,Chilling Reign,CRE,,,,2021,2021-06-18,Sword & Shield Series,198,233,"database.xlsx,tcgdex"
Pokémon TCG,English,Evolving Skies,Evolving Skies,EVS,,,,2021,2021-08-27,Sword & Shield Series,203,237,"database.xlsx,tcgdex"
Pokémon TCG,English,Celebrations,Celebrations,CEL,,,,2021,2021-10-08,Sword & Shield Series,25,25,"database.xlsx,tcgdex"
Pokémon TCG,English,Celebrations (Classic Collection),Celebrations (Classic Collection),CEL,,,,2021,2021-10-08,Sword & Shield Series,25,25,"database.xlsx,tcgdex"
Pokémon TCG,English,Fusion Strike,Fusion Strike,FST,,,,2021,2021-11-12,Sword & Shield Series,264,284,"database.xlsx,tcgdex"
Pokémon TCG,English,2022 Energies,2022 Energies,EN22,,,,2022,2022-02-25,Unnumbered Energies,,0,database.xlsx
Pokémon TCG,English,Brilliant Stars,Brilliant Stars,BRS,,,,2022,2022-02-25,Sword & Shield Series,172,186,"database.xlsx,tcgdex"
Pokémon TCG,English,Brilliant Stars (Trainer Gallery),Brilliant Stars (Trainer Gallery),BRS,,,,2022,2022-02-25,Sword & Shield Series,30,30,"database.xlsx,tcgdex"
Pokémon TCG,English,Battle Academy 2022 (Cinderace),Battle Academy 2022 (Cinderace),,,,,2022,2022-05-25,Trainer & Deck Kits,,0,database.xlsx
Pokémon TCG,English,Battle Academy 2022 (Eevee),Battle Academy 2022 (Eevee),,,,,2022,2022-05-25,Trainer & Deck Kits,,0,database.xlsx
Pokémon TCG,English,Battle Academy 2022 (Pikachu),Battle Academy 2022 (Pikachu),,,,,2022,2022-05-25,Trainer & Deck Kits,,0,database.xlsx
Pokémon TCG,English,Astral Radiance,Astral Radiance,ASR,,,,2022,2022-05-27,Sword & Shield Series,189,216,"database.xlsx,tcgdex"
Pokémon TCG,English,Astral Radiance (Trainer Gallery),Astral Radiance (Trainer Gallery),ASR,,,,2022,2022-05-27,Sword & Shield Series,30,30,"database.xlsx,tcgdex"
Pokémon TCG,English,Pokémon GO,Pokémon GO,PGO,,,,2022,2022-07-01,Sword & Shield Series,78,88,"database.xlsx,tcgdex"
Pokémon TCG,English,McDonald's Match Battle 2022,McDonald's Match Battle 2022,M22,,,,2022,2022-08-03,McDonald's Series,15,15,"database.xlsx,tcgdex"
Pokémon TCG,English,Holiday Calendar 2022,Holiday Calendar 2022,,,,,2022,2022-09-01,Other,,0,database.xlsx
Pokémon TCG,English,Trick or Trade 2022,Trick or Trade 2022,,,,,2022,2022-09-01,Other,,0,database.xlsx
Pokémon TCG,English,Lost Origin,Lost Origin,LOR,,,,2022,2022-09-09,Sword & Shield Series,196,217,"database.xlsx,tcgdex"
Pokémon TCG,English,Lost Origin (Trainer Gallery),Lost Origin (Trainer Gallery),LOR,,,,2022,2022-09-09,Sword & Shield Series,30,30,"database.xlsx,tcgdex"
Pokémon TCG,English,Play! Pokémon Prize Pack Series One,Play! Pokémon Prize Pack Series One,,,,,2022,2022-11-09,Play! Pokémon Series,,0,database.xlsx
Pokémon TCG,English,Silver Tempest,Silver Tempest,SIT,,,,2022,2022-11-11,Sword & Shield Series,195,215,"database.xlsx,tcgdex"
Pokémon TCG,English,Silver Tempest (Trainer Gallery),Silver Tempest (Trainer Gallery),SIT,,,,2022,2022-11-11,Sword & Shield Series,30,30,"database.xlsx,tcgdex"
Pokémon TCG,English,Scarlet & Violet Promos,Scarlet & Violet Promos,SVP,,,,2023,2023-01-01,Scarlet & Violet Series,225,226,"database.xlsx,tcgdex"
Pokémon TCG,English,Play! Pokémon Prize Pack Series Two,Play! Pokémon Prize Pack Series Two,,,,,2023,2023-01-19,Play! Pokémon Series,,0,database.xlsx
Pokémon TCG,English,Crown Zenith,Crown Zenith,CRZ,,,,2023,2023-01-20,Sword & Shield Series,159,160,"database.xlsx,tcgdex"
Pokémon TCG,English,Crown Zenith (Galarian Gallery),Crown Zenith (Galarian Gallery),CRZ,,,,2023,2023-01-20,Sword & Shield Series,70,70,"database.xlsx,tcgdex"
Pokémon TCG,English,WC Deck 2022 (ADP),WC Deck 2022 (ADP),,,,,2023,2023-03-03,World Championships Decks,,0,database.xlsx
Pokémon TCG,English,WC Deck 2022 (Cheryl Again),WC Deck 2022 (Cheryl Again),,,,,2023,2023-03-03,World Championships Decks,,0,database.xlsx
Pokémon TCG,English,WC Deck 2022 (Ice Rider Palkia),WC Deck 2022 (Ice Rider Palkia),,,,,2023,2023-03-03,World Championships Decks,,0,database.xlsx
Pokémon TCG,English,WC Deck 2022 (The Shape of Mew),WC Deck 2022 (The Shape of Mew),,,,,2023,2023-03-03,World Championships Decks,,0,database.xlsx
Pokémon TCG,English,Scarlet & Violet,Scarlet & Violet,SVI,,,,2023,2023-03-31,Scarlet & Violet Series,198,258,"database.xlsx,tcgdex"
Pokémon TCG,English,Scarlet & Violet Energies,Scarlet & Violet Energies,SVE,,,,2023,2023-03-31,Scarlet & Violet Series,24,24,"database.xlsx,tcgdex"
Pokémon TCG,English,Paldea Evolved,Paldea Evolved,PAL,,,,2023,2023-06-09,Scarlet & Violet Series,193,279,"database.xlsx,tcgdex"
Pokémon TCG,English,McDonald's Match Battle 2023,McDonald's Match Battle 2023,M23,,,,2023,2023-07-27,McDonald's Series,,0,database.xlsx
Pokémon TCG,English,McDonald's Collection 2023,,MCD23,,,,2023,2023-08-01,McDonald's Collection,15,15,tcgdex
Pokémon TCG,English,Obsidian Flames,Obsidian Flames,OBF,,,,2023,2023-08-11,Scarlet & Violet Series,197,230,"database.xlsx,tcgdex"
Pokémon TCG,English,Play! Pokémon Prize Pack Series Three,Play! Pokémon Prize Pack Series Three,,,,,2023,2023-08-14,Play! Pokémon Series,,0,database.xlsx
Pokémon TCG,English,Holiday Calendar 2023,Holiday Calendar 2023,,,,,2023,2023-09-01,Other,,0,database.xlsx
Pokémon TCG,English,Trick or Trade 2023,Trick or Trade 2023,,,,,2023,2023-09-01,Other,,0,database.xlsx
Pokémon TCG,English,Scarlet & Violet 151,Scarlet & Violet 151,MEW,,,,2023,2023-09-22,Scarlet & Violet Series,165,207,"database.xlsx,tcgdex"
Pokémon TCG,English,My First Battle,,MFB,,,,2023,2023-09-29,Scarlet & Violet,48,34,tcgdex
Pokémon TCG,English,My First Battle (Bulbasaur),My First Battle (Bulbasaur),FBB,,,,2023,2023-09-29,Trainer & Deck Kits,,0,database.xlsx
Pokémon TCG,English,My First Battle (Charmander),My First Battle (Charmander),FBC,,,,2023,2023-09-29,Trainer & Deck Kits,,0,database.xlsx
Pokémon TCG,English,My First Battle (Pikachu),My First Battle (Pikachu),FBP,,,,2023,2023-09-29,Trainer & Deck Kits,,0,database.xlsx
Pokémon TCG,English,My First Battle (Squirtle),My First Battle (Squirtle),FBS,,,,2023,2023-09-29,Trainer & Deck Kits,,0,database.xlsx
Pokémon TCG,English,Paradox Rift,Paradox Rift,PAR,,,,2023,2023-11-03,Scarlet & Violet Series,182,266,"database.xlsx,tcgdex"
Pokémon TCG,English,Pokémon TCG Classic (Blastoise),Pokémon TCG Classic (Blastoise),CLB,,,,2023,2023-11-17,Trainer & Deck Kits,,0,database.xlsx
Pokémon TCG,English,Pokémon TCG Classic (Charizard),Pokémon TCG Classic (Charizard),CLC,,,,2023,2023-11-17,Trainer & Deck Kits,,0,database.xlsx
Pokémon TCG,English,Pokémon TCG Classic (Venusaur),Pokémon TCG Classic (Venusaur),CLV,,,,2023,2023-11-17,Trainer & Deck Kits,,0,database.xlsx
Pokémon TCG,English,Paldean Fates,Paldean Fates,PAF,,,,2024,2024-01-26,Scarlet & Violet Series,91,245,"database.xlsx,tcgdex"
Pokémon TCG,English,Play! Pokémon Prize Pack Series Four,Play! Pokémon Prize Pack Series Four,,,,,2024,2024-02-14,Play! Pokémon Series,,0,database.xlsx
Pokémon TCG,English,Temporal Forces,Temporal Forces,TEF,,,,2024,2024-03-22,Scarlet & Violet Series,162,218,"database.xlsx,tcgdex"
Pokémon TCG,English,WC Deck 2023 (Colorless Lugia),WC Deck 2023 (Colorless Lugia),,,,,2024,2024-04-01,World Championships Decks,,0,database.xlsx
Pokémon TCG,English,WC Deck 2023 (Lost Box Kyogre),WC Deck 2023 (Lost Box Kyogre),,,,,2024,2024-04-01,World Championships Decks,,0,database.xlsx
Pokémon TCG,English,WC Deck 2023 (Mew's Revenge),WC Deck 2023 (Mew's Revenge),,,,,2024,2024-04-01,World Championships Decks,,0,database.xlsx
Pokémon TCG,English,WC Deck 2023 (Psychic Elegance),WC Deck 2023 (Psychic Elegance),,,,,2024,2024-04-01,World Championships Decks,,0,database.xlsx
Pokémon TCG,English,Gym Series One,Gym Series One,,,,,2024,2024-05-24,Other,,0,database.xlsx
Pokémon TCG,English,Twilight Masquerade,Twilight Masquerade,TWM,,,,2024,2024-05-24,Scarlet & Violet Series,167,226,"database.xlsx,tcgdex"
Pokémon TCG,English,Battle Academy 2024 (Armarouge),Battle Academy 2024 (Armarouge),,,,,2024,2024-06-21,Trainer & Deck Kits,,0,database.xlsx
Pokémon TCG,English,Battle Academy 2024 (Darkrai),Battle Academy 2024 (Darkrai),,,,,2024,2024-06-21,Trainer & Deck Kits,,0,database.xlsx
Pokémon TCG,English,Battle Academy 2024 (Pikachu),Battle Academy 2024 (Pikachu),,,,,2024,2024-06-21,Trainer & Deck Kits,,0,database.xlsx
Pokémon TCG,English,Shrouded Fable,Shrouded Fable,SFA,,,,2024,2024-08-02,Scarlet & Violet Series,64,99,"database.xlsx,tcgdex"
Pokémon TCG,English,Play! Pokémon Prize Pack Series Five,Play! Pokémon Prize Pack Series Five,,,,,2024,2024-08-14,Play! Pokémon Series,,0,database.xlsx
Pokémon TCG,English,Holiday Calendar 2024,Holiday Calendar 2024,,,,,2024,2024-08-23,Other,,0,database.xlsx
Pokémon TCG,English,Trick or Trade 2024,Trick or Trade 2024,,,,,2024,2024-08-30,Other,,0,database.xlsx
Pokémon TCG,English,Stellar Crown,Stellar Crown,SCR,,,,2024,2024-09-13,Scarlet & Violet Series,142,175,"database.xlsx,tcgdex"
Pokémon TCG,English,Genetic Apex,,A1,,,,2024,2024-10-30,Pokémon TCG Pocket,226,286,tcgdex
Pokémon TCG,English,Promos-A,,P-A,,,,2024,2024-10-30,Pokémon TCG Pocket,0,100,tcgdex
Pokémon TCG,English,Surging Sparks,Surging Sparks,SSP,,,,2024,2024-11-08,Scarlet & Violet Series,191,252,"database.xlsx,tcgdex"
Pokémon TCG,English,McDonald's Dragon Discovery 2024,McDonald's Dragon Discovery 2024,M24,,,,2024,2024-12-04,McDonald's Series,15,15,"database.xlsx,tcgdex"
Pokémon TCG,English,Mythical Island,,A1a,,,,2024,2024-12-17,Pokémon TCG Pocket,68,86,tcgdex
Pokémon TCG,English,Prismatic Evolutions,Prismatic Evolutions,PRE,,,,2025,2025-01-17,Scarlet & Violet Series,131,180,"database.xlsx,tcgdex"
Pokémon TCG,English,Space-Time Smackdown,,A2,,,,2025,2025-01-30,Pokémon TCG Pocket,140,207,tcgdex
Pokémon TCG,English,Play! Pokémon Prize Pack Series Six,Play! Pokémon Prize Pack Series Six,,,,,2025,2025-02-14,Play! Pokémon Series,,0,database.xlsx
Pokémon TCG,English,Triumphant Light,,A2a,,,,2025,2025-02-28,Pokémon TCG Pocket,75,96,tcgdex
Pokémon TCG,English,Shining Revelry,,A2b,,,,2025,2025-03-27,Pokémon TCG Pocket,72,111,tcgdex
Pokémon TCG,English,Gym Series Two,Gym Series Two,,,,,2025,2025-03-28,Other,,0,database.xlsx
Pokémon TCG,English,Journey Together,Journey Together,JTG,,,,2025,2025-03-28,Scarlet & Violet Series,159,190,"database.xlsx,tcgdex"
Pokémon TCG,English,Celestial Guardians,,A3,,,,2025,2025-04-30,Pokémon TCG Pocket,155,239,tcgdex
Pokémon TCG,English,WC Deck 2024 (Ancient Toolbox),WC Deck 2024 (Ancient Toolbox),,,,,2025,2025-05-16,World Championships Decks,,0,database.xlsx
Pokémon TCG,English,WC Deck 2024 (Crushing Thorn),WC Deck 2024 (Crushing Thorn),,,,,2025,2025-05-16,World Championships Decks,,0,database.xlsx
Pokémon TCG,English,WC Deck 2024 (Regidrago VSTAR),WC Deck 2024 (Regidrago VSTAR),,,,,2025,2025-05-16,World Championships Decks,,0,database.xlsx
Pokémon TCG,English,WC Deck 2024 (The 'Don),WC Deck 2024 (The 'Don),,,,,2025,2025-05-16,World Championships Decks,,0,database.xlsx
Pokémon TCG,English,Extradimensional Crisis,,A3a,,,,2025,2025-05-29,Pokémon TCG Pocket,69,103,tcgdex
Pokémon TCG,English,Destined Rivals,Destined Rivals,DRI,,,,2025,2025-05-30,Scarlet & Violet Series,182,244,"database.xlsx,tcgdex"
Pokémon TCG,English,Eevee Grove,,A3b,,,,2025,2025-06-26,Pokémon TCG Pocket,69,107,tcgdex
Pokémon TCG,English,Black Bolt,Black Bolt,BLK,,,,2025,2025-07-18,Scarlet & Violet Series,86,172,"database.xlsx,tcgdex"
Pokémon TCG,English,White Flare,White Flare,WHT,,,,2025,2025-07-18,Scarlet & Violet Series,86,173,"database.xlsx,tcgdex"
Pokémon TCG,English,Wisdom of Sea and Sky,,A4,,,,2025,2025-07-30,Pokémon TCG Pocket,161,241,tcgdex
Pokémon TCG,English,Play! Pokémon Prize Pack Series Seven,Play! Pokémon Prize Pack Series Seven,,,,,2025,2025-08-14,Play! Pokémon Series,,0,database.xlsx
Pokémon TCG,English,Holiday Calendar 2025,Holiday Calendar 2025,,,,,2025,2025-08-22,Other,,0,database.xlsx
Pokémon TCG,English,Secluded Springs,,A4a,,,,2025,2025-08-28,Pokémon TCG Pocket,71,105,tcgdex
Pokémon TCG,English,Mega Evolution Promos,Mega Evolution Promos,MEP,,,,2025,2025-09-13,Mega Evolution Series,0,89,"database.xlsx,tcgdex"
Pokémon TCG,English,Mega Evolution,Mega Evolution,MEG,,,,2025,2025-09-26,Mega Evolution Series,132,188,"database.xlsx,tcgdex"
Pokémon TCG,English,Mega Evolution Energies,Mega Evolution Energies,MEE,,,,2025,2025-09-26,Mega Evolution Series,8,8,"database.xlsx,tcgdex"
Pokémon TCG,English,Mega Rising,,B1,,,,2025,2025-10-30,Pokémon TCG Pocket,226,331,tcgdex
Pokémon TCG,English,Phantasmal Flames,Phantasmal Flames,PFL,,,,2025,2025-11-14,Mega Evolution Series,94,130,"database.xlsx,tcgdex"
Pokémon TCG,English,Crimson Blaze,,B1a,,,,2025,2025-12-17,Pokémon TCG Pocket,69,103,tcgdex
Pokémon TCG,English,Play! Pokémon Prize Pack Series Eight,Play! Pokémon Prize Pack Series Eight,,,,,2026,2026-01-01,Play! Pokémon Series,,0,database.xlsx
Pokémon TCG,English,Fantastical Parade,,B2,,,,2026,2026-01-29,Pokémon TCG Pocket,155,234,tcgdex
Pokémon TCG,English,Ascended Heroes,Ascended Heroes,ASC,,,,2026,2026-01-30,Mega Evolution Series,217,295,"database.xlsx,tcgdex"
Pokémon TCG,English,Paldean Wonders,,B2a,,,,2026,2026-02-26,Pokémon TCG Pocket,93,131,tcgdex
Pokémon TCG,English,Perfect Order,Perfect Order,POR,,,,2026,2026-03-27,Mega Evolution Series,88,124,"database.xlsx,tcgdex"
Pokémon TCG,English,WC Deck 2025 (Flutter Devo Gardevoir),WC Deck 2025 (Flutter Devo Gardevoir),,,,,2026,2026-04-03,World Championships Decks,,0,database.xlsx
Pokémon TCG,English,WC Deck 2025 (JP Raging Bolt),WC Deck 2025 (JP Raging Bolt),,,,,2026,2026-04-03,World Championships Decks,,0,database.xlsx
Pokémon TCG,English,WC Deck 2025 (Joltdengo),WC Deck 2025 (Joltdengo),,,,,2026,2026-04-03,World Championships Decks,,0,database.xlsx
Pokémon TCG,English,WC Deck 2025 (Pult Bomb),WC Deck 2025 (Pult Bomb),,,,,2026,2026-04-03,World Championships Decks,,0,database.xlsx
Pokémon TCG,English,Chaos Rising,Chaos Rising,CRI,,,,2026,2026-05-22,Mega Evolution Series,86,122,"database.xlsx,tcgdex"
Pokémon TCG,English,Gym Series Three,Gym Series Three,,,,,2026,2026-06-01,Other,,0,database.xlsx
Pokémon TCG,English,Play! Pokémon Prize Pack Series Nine,Play! Pokémon Prize Pack Series Nine,,,,,2026,2026-07-01,Play! Pokémon Series,,0,database.xlsx
Pokémon TCG,English,Pitch Black,Pitch Black,PBL,,,,2026,2026-07-17,Mega Evolution Series,84,120,"database.xlsx,tcgdex"
Pokémon TCG,English,30th Celebration,30th Celebration,30C,,,,2026,2026-09-16,Mega Evolution Series,,0,database.xlsx
Pokémon TCG,English,30th Celebration (Classic Collection),30th Celebration (Classic Collection),30C,,,,2026,2026-09-16,Mega Evolution Series,,0,database.xlsx
Pokémon TCG,English,Box Toppers (Legendary Collection),Box Toppers (Legendary Collection),BOX1,,,,,,Other,,0,database.xlsx
Pokémon TCG,English,Box Toppers (e-Card Series),Box Toppers (e-Card Series),BOX2,,,,,,Other,,0,database.xlsx
Pokémon TCG,English,Countdown Calendar,Countdown Calendar,,,,,,,Other,,0,database.xlsx
Pokémon TCG,English,New York Pokémon Center Press Event,New York Pokémon Center Press Event,,,,,,,Other,,0,database.xlsx
Pokémon TCG,English,Pikachu World Collection,Pikachu World Collection,PW,,,,,,Other,,0,database.xlsx
Pokémon TCG,English,SM Trainer Kit (Alolan Ninetales),SM Trainer Kit (Alolan Ninetales),,,,,,,Trainer & Deck Kits,,0,database.xlsx
Pokémon TCG,English,SM Trainer Kit (Alolan Sandslash),SM Trainer Kit (Alolan Sandslash),,,,,,,Trainer & Deck Kits,,0,database.xlsx
Pokémon TCG,English,Trainer Deck A,Trainer Deck A,,,,,,,Trainer & Deck Kits,,0,database.xlsx
Pokémon TCG,English,Trainer Deck B,Trainer Deck B,,,,,,,Trainer & Deck Kits,,0,database.xlsx
Pokémon TCG,English,Tropical Mega Battle,Tropical Mega Battle,,,,,,,Other,,0,database.xlsx
Pokémon TCG,English,Überraschungskalender,Überraschungskalender,,,,,,,Other,,0,database.xlsx
Pokémon TCG,Spanish,Edición Básica,,BS,,,,1999,1999-01-09,Clásica,102,0,tcgdex
Pokémon TCG,Spanish,Jungla,,JU,,,,1999,1999-06-16,Clásica,64,0,tcgdex
Pokémon TCG,Spanish,Wizards Black Star Promos,,basep,,,,1999,1999-07-01,Clásica,53,0,tcgdex
Pokémon TCG,Spanish,Fósil,,FO,,,,1999,1999-10-10,Clásica,62,0,tcgdex
Pokémon TCG,Spanish,Neo Genesis,,N1,,,,2000,2000-12-16,Neo,111,0,tcgdex
Pokémon TCG,Spanish,Rubí & Zafiro,,RS,,,,2003,2003-07-01,ex,109,0,tcgdex
Pokémon TCG,Spanish,Nintendo Black Star Promos,,np,,,,2003,2003-10-01,POP,40,0,tcgdex
Pokémon TCG,Spanish,Kit de Entrenador EX (Latias),,TK1A,,,,2004,2004-07-01,Kits de Entrenador,10,0,tcgdex
Pokémon TCG,Spanish,Kit de Entrenador EX (Latios),,TK1O,,,,2004,2004-07-01,Kits de Entrenador,10,0,tcgdex
Pokémon TCG,Spanish,EX Fuerzas Ocultas,,UF,,,,2005,2005-08-22,ex,115,0,tcgdex
Pokémon TCG,Spanish,EX Fuerzas Ocultas Unown,,exu,,,,2005,2005-08-22,ex,28,0,tcgdex
Pokémon TCG,Spanish,Kit de Entrenador EX (Ninun),,TK2M,,,,2006,2006-03-01,Kits de Entrenador,12,0,tcgdex
Pokémon TCG,Spanish,Kit de Entrenador EX (Plusle),,TK2P,,,,2006,2006-03-01,Kits de Entrenador,12,0,tcgdex
Pokémon TCG,Spanish,DP Black Star Promos,,dpp,,,,2007,2007-05-01,Diamante & Perla,56,0,tcgdex
Pokémon TCG,Spanish,Diamante & Perla,,DP,,,,2007,2007-05-01,Diamante & Perla,130,0,tcgdex
Pokémon TCG,Spanish,Tesoros Misteriosos,,MT,,,,2007,2007-08-01,Diamante & Perla,123,0,tcgdex
Pokémon TCG,Spanish,Kit de Entrenador Diamante & Perla (Lucario),,TK3L,,,,2007,2007-09-01,Kits de Entrenador,11,0,tcgdex
Pokémon TCG,Spanish,Kit de Entrenador Diamante & Perla (Manaphy),,TK3M,,,,2007,2007-09-01,Kits de Entrenador,12,0,tcgdex
Pokémon TCG,Spanish,Maravillas Secretas,,SW,,,,2007,2007-11-01,Diamante & Perla,132,0,tcgdex
Pokémon TCG,Spanish,Grandes Encuentros,,GE,,,,2008,2008-02-01,Diamante & Perla,106,0,tcgdex
Pokémon TCG,Spanish,Despertar de las Leyendas,,LA,,,,2008,2008-08-01,Diamante & Perla,146,0,tcgdex
Pokémon TCG,Spanish,Frente Tormentoso,,SF,,,,2008,2008-11-01,Diamante & Perla,100,0,tcgdex
Pokémon TCG,Spanish,Platino,,PL,,,,2009,2009-02-11,Platino,127,0,tcgdex
Pokémon TCG,Spanish,Arceus,,AR,,,,2009,2009-11-04,Platino,99,0,tcgdex
Pokémon TCG,Spanish,Pokémon Rumble,,RM,,,,2009,2009-12-02,Platino,16,0,tcgdex
Pokémon TCG,Spanish,HeartGold SoulSilver,,HS,,,,2010,2010-02-10,HeartGold SoulSilver,123,0,tcgdex
Pokémon TCG,Spanish,HGSS Black Star Promos,,hgssp,,,,2010,2010-02-11,HeartGold SoulSilver,25,0,tcgdex
Pokémon TCG,Spanish,Kit de Entrenador HeatGold & SoulSilver (Gyarados),,TK4G,,,,2010,2010-05-01,Kits de Entrenador,30,0,tcgdex
Pokémon TCG,Spanish,Kit de Entrenador HeatGold & SoulSilver (Raichu),,TK4R,,,,2010,2010-05-01,Kits de Entrenador,30,0,tcgdex
Pokémon TCG,Spanish,Liberados,,UL,,,,2010,2010-05-12,HeartGold SoulSilver,95,0,tcgdex
Pokémon TCG,Spanish,Negro y Blanco,,BLW,,,,2011,2011-04-25,Negro y Blanco,114,115,tcgdex
Pokémon TCG,Spanish,NB Promo,,BWP,,,,2011,2011-04-26,Negro y Blanco,101,0,tcgdex
Pokémon TCG,Spanish,Colección de McDonald's 2011,,MCD11,,,,2011,2011-06-17,Colección de McDonald's,12,0,tcgdex
Pokémon TCG,Spanish,Fuerzas Emergentes,,EP,,,,2011,2011-08-31,Negro y Blanco,98,98,tcgdex
Pokémon TCG,Spanish,Kit de Entrenador BW (Excadrill),,TK5E,,,,2011,2011-09-01,Kits de Entrenador,30,30,tcgdex
Pokémon TCG,Spanish,Kit de Entrenador XY (Pikachu Enmascarada),,TK5Z,,,,2011,2011-09-01,Kits de Entrenador,30,30,tcgdex
Pokémon TCG,Spanish,Nobles Victorias,,NVI,,,,2011,2011-11-16,Negro y Blanco,101,102,tcgdex
Pokémon TCG,Spanish,Próximos Destinos,,NXD,,,,2012,2012-02-08,Negro y Blanco,99,103,tcgdex
Pokémon TCG,Spanish,Oscuros Exploradores,,DEX,,,,2012,2012-05-09,Negro y Blanco,108,111,tcgdex
Pokémon TCG,Spanish,Colección de McDonald's 2012,,MCD12,,,,2012,2012-06-15,Colección de McDonald's,12,0,tcgdex
Pokémon TCG,Spanish,Dragones Majestuosos,,DRX,,,,2012,2012-08-15,Negro y Blanco,124,128,tcgdex
Pokémon TCG,Spanish,Tesoro de Dragones,,DRV,,,,2012,2012-10-05,Negro y Blanco,20,0,tcgdex
Pokémon TCG,Spanish,Fronteras Cruzadas,,BCR,,,,2012,2012-11-07,Negro y Blanco,149,153,tcgdex
Pokémon TCG,Spanish,Tormenta Plasma,,PLS,,,,2013,2013-02-06,Negro y Blanco,135,138,tcgdex
Pokémon TCG,Spanish,Glaciación Plasma,,PLF,,,,2013,2013-05-08,Negro y Blanco,116,122,tcgdex
Pokémon TCG,Spanish,XY Cartas de promoción,,XYP,,,,2013,2013-10-12,XY,211,0,tcgdex
Pokémon TCG,Spanish,Cartas alternativas,,xya,,,,2014,2014-02-05,XY,6,0,tcgdex
Pokémon TCG,Spanish,XY,,XY,,,,2014,2014-02-05,XY,146,146,tcgdex
Pokémon TCG,Spanish,Kit de Entrenador XY (Noivern),,TK6N,,,,2014,2014-03-12,Kits de Entrenador,30,30,tcgdex
Pokémon TCG,Spanish,Kit de Entrenador XY (Pikachu Enmascarada),,TK6S,,,,2014,2014-03-12,Kits de Entrenador,30,30,tcgdex
Pokémon TCG,Spanish,Destellos de Fuego,,FLF,,,,2014,2014-05-07,XY,106,109,tcgdex
Pokémon TCG,Spanish,Puños Furiosos,,FFI,,,,2014,2014-08-13,XY,111,113,tcgdex
Pokémon TCG,Spanish,Kit de Entrenador XY (Bisharp),,TK7A,,,,2014,2014-11-01,Kits de Entrenador,30,30,tcgdex
Pokémon TCG,Spanish,Kit de Entrenador XY (Wigglytuff),,TK7B,,,,2014,2014-11-01,Kits de Entrenador,30,30,tcgdex
Pokémon TCG,Spanish,Fuerzas Fantasmales,,PHF,,,,2014,2014-11-05,XY,119,122,tcgdex
Pokémon TCG,Spanish,Duelos Primigenios,,PRC,,,,2015,2015-02-04,XY,160,164,tcgdex
Pokémon TCG,Spanish,Kit de Entrenador XY (Latias),,TK8A,,,,2015,2015-04-29,Kits de Entrenador,30,30,tcgdex
Pokémon TCG,Spanish,Kit de Entrenador XY (Latios),,TK8O,,,,2015,2015-04-29,Kits de Entrenador,30,30,tcgdex
Pokémon TCG,Spanish,Cielos Rugientes,,ROS,,,,2015,2015-05-06,XY,108,110,tcgdex
Pokémon TCG,Spanish,Antiguos Orígenes,,AOR,,,,2015,2015-08-12,XY,98,100,tcgdex
Pokémon TCG,Spanish,Turbo Impulso,,BKT,,,,2015,2015-11-04,XY,162,164,tcgdex
Pokémon TCG,Spanish,TURBOLímite,,BKP,,,,2016,2016-02-03,XY,122,123,tcgdex
Pokémon TCG,Spanish,Generaciones,,GEN,,,,2016,2016-02-22,XY,83,0,tcgdex
Pokémon TCG,Spanish,Kit de Entrenador XY (Pikachu Enmascarada),,TK9P,,,,2016,2016-04-27,Kits de Entrenador,30,30,tcgdex
Pokémon TCG,Spanish,Kit de Entrenador XY (Suicune),,TK9S,,,,2016,2016-04-27,Kits de Entrenador,30,30,tcgdex
Pokémon TCG,Spanish,Destinos Enfrentados,,FCO,,,,2016,2016-05-02,XY,124,125,tcgdex
Pokémon TCG,Spanish,Asedio de Vapor,,STS,,,,2016,2016-08-03,XY,114,116,tcgdex
Pokémon TCG,Spanish,Evoluciones,,EVO,,,,2016,2016-11-02,XY,108,113,tcgdex
Pokémon TCG,Spanish,SL Cartas de promoción,,SMP,,,,2017,2017-02-03,Sol y Luna,248,240,tcgdex
Pokémon TCG,Spanish,Sol y Luna,,SUM,,,,2017,2017-02-03,Sol y Luna,149,163,tcgdex
Pokémon TCG,Spanish,Kit de Entrenador Sol y Luna (Lycanroc),,TK10L,,,,2017,2017-04-21,Kits de Entrenador,30,18,tcgdex
Pokémon TCG,Spanish,Kit de Entrenador Sol y Luna (Raichu de Alola),,TK10A,,,,2017,2017-04-21,Kits de Entrenador,30,19,tcgdex
Pokémon TCG,Spanish,Albor de Guadianes,,GRI,,,,2017,2017-05-05,Sol y Luna,145,169,tcgdex
Pokémon TCG,Spanish,Sombras Ardientes,,BUS,,,,2017,2017-08-04,Sol y Luna,147,169,tcgdex
Pokémon TCG,Spanish,Leyendas Luminosas,,SLG,,,,2017,2017-10-06,Sol y Luna,73,78,tcgdex
Pokémon TCG,Spanish,Invasión Carmesí,,CIN,,,,2017,2017-11-03,Sol y Luna,111,124,tcgdex
Pokémon TCG,Spanish,Ultraprisma,,UPR,,,,2018,2018-02-02,Sol y Luna,156,173,tcgdex
Pokémon TCG,Spanish,Luz Prohibida,,FLI,,,,2018,2018-05-04,Sol y Luna,131,146,tcgdex
Pokémon TCG,Spanish,Tormenta Celestial,,CES,,,,2018,2018-08-03,Sol y Luna,168,183,tcgdex
Pokémon TCG,Spanish,Majestad De Dragones,,DRM,,,,2018,2018-09-07,Sol y Luna,70,78,tcgdex
Pokémon TCG,Spanish,Truenos Perdidos,,LOT,,,,2018,2018-11-02,Sol y Luna,214,236,tcgdex
Pokémon TCG,Spanish,Union de Aliados,,TEU,,,,2019,2019-01-31,Sol y Luna,181,196,tcgdex
Pokémon TCG,Spanish,Detective Pikachu,,DET,,,,2019,2019-03-29,Sol y Luna,18,18,tcgdex
Pokémon TCG,Spanish,Vínculos Indestructibles,,UNB,,,,2019,2019-05-03,Sol y Luna,214,234,tcgdex
Pokémon TCG,Spanish,Mentes Unidas,,UNM,,,,2019,2019-08-02,Sol y Luna,236,258,tcgdex
Pokémon TCG,Spanish,Destinos Ocultos,,HIF,,,,2019,2019-08-23,Sol y Luna,68,0,tcgdex
Pokémon TCG,Spanish,Destinos Ocultos Tesoro Brillante,,sma,,,,2019,2019-08-23,Sol y Luna,94,0,tcgdex
Pokémon TCG,Spanish,Eclipse Cósmico,,CEC,,,,2019,2019-11-01,Sol y Luna,236,271,tcgdex
Pokémon TCG,Spanish,Cartas de promoción ESES,,swshp,,,,2019,2019-11-15,Espada y Escudo,307,301,tcgdex
Pokémon TCG,Spanish,Espada y Escudo,,SSH,,,,2020,2020-02-07,Espada y Escudo,202,216,tcgdex
Pokémon TCG,Spanish,Choque Rebelde,,RCL,,,,2020,2020-05-01,Espada y Escudo,192,209,tcgdex
Pokémon TCG,Spanish,Oscuridad Incandescente,,DAA,,,,2020,2020-08-14,Espada y Escudo,189,201,tcgdex
Pokémon TCG,Spanish,Camino de Campeones,,CPA,,,,2020,2020-09-25,Espada y Escudo,73,80,tcgdex
Pokémon TCG,Spanish,Voltaje Vívido,,VIV,,,,2020,2020-11-13,Espada y Escudo,185,203,tcgdex
Pokémon TCG,Spanish,Colección de McDonald's 2021,,MCD21,,,,2021,2021-02-09,Colección de McDonald's,25,0,tcgdex
Pokémon TCG,Spanish,Destinos Brillantes,,SHF,,,,2021,2021-02-19,Espada y Escudo,72,73,tcgdex
Pokémon TCG,Spanish,Destinos Brillantes Tesoro Brillante,,SHF:SV,,,,2021,2021-02-19,Espada y Escudo,122,122,tcgdex
Pokémon TCG,Spanish,Estilos de Combate,,BST,,,,2021,2021-03-19,Espada y Escudo,163,183,tcgdex
Pokémon TCG,Spanish,Reinado Escalofriante,,CRE,,,,2021,2021-06-18,Espada y Escudo,198,233,tcgdex
Pokémon TCG,Spanish,Cielos Evolutivos,,EVS,,,,2021,2021-08-27,Espada y Escudo,203,237,tcgdex
Pokémon TCG,Spanish,Celebraciones,,CEL,,,,2021,2021-10-08,Espada y Escudo,25,25,tcgdex
Pokémon TCG,Spanish,Celebraciones Colección Clásica,,CEL:CC,,,,2021,2021-10-08,Espada y Escudo,25,0,tcgdex
Pokémon TCG,Spanish,Golpe Fusión,,FST,,,,2021,2021-11-12,Espada y Escudo,264,284,tcgdex
Pokémon TCG,Spanish,Astros Brillantes,,BRS,,,,2022,2022-02-25,Espada y Escudo,172,186,tcgdex
Pokémon TCG,Spanish,Astros Brillantes Galería de Entrenador,,BRS:TG,,,,2022,2022-02-25,Espada y Escudo,30,30,tcgdex
Pokémon TCG,Spanish,Resplandor Astral,,ASR,,,,2022,2022-05-27,Espada y Escudo,189,216,tcgdex
Pokémon TCG,Spanish,Resplandor Astral Galería de Entrenador,,ASR:TG,,,,2022,2022-05-27,Espada y Escudo,30,30,tcgdex
Pokémon TCG,Spanish,Pokémon GO,,PGO,,,,2022,2022-07-01,Espada y Escudo,78,88,tcgdex
Pokémon TCG,Spanish,Colección de McDonald's 2022,,MCD22,,,,2022,2022-08-03,Colección de McDonald's,15,15,tcgdex
Pokémon TCG,Spanish,Origen Perdido,,LOR,,,,2022,2022-09-09,Espada y Escudo,196,217,tcgdex
Pokémon TCG,Spanish,Origen Perdido Galería de Entrenador,,LOR:TG,,,,2022,2022-09-09,Espada y Escudo,30,30,tcgdex
Pokémon TCG,Spanish,Tempestad Plateada,,SIT,,,,2022,2022-11-11,Espada y Escudo,195,215,tcgdex
Pokémon TCG,Spanish,Tempestad Plateada Galería de Entrenador,,SIT:TG,,,,2022,2022-11-11,Espada y Escudo,30,30,tcgdex
Pokémon TCG,Spanish,Cenit Supremo,,CRZ,,,,2023,2023-01-20,Espada y Escudo,159,160,tcgdex
Pokémon TCG,Spanish,Cenit Supremo Galería de Galar,,CRZ:GG,,,,2023,2023-01-20,Espada y Escudo,70,70,tcgdex
Pokémon TCG,Spanish,Escarlata y Púrpura,,SVI,,,,2023,2023-03-31,Escarlata y Púrpura,198,258,tcgdex
Pokémon TCG,Spanish,Escarlata y Púrpura Energía,,SVE,,,,2023,2023-03-31,Escarlata y Púrpura,24,24,tcgdex
Pokémon TCG,Spanish,SVP Black Star Promos,,SVP,,,,2023,2023-03-31,Escarlata y Púrpura,225,216,tcgdex
Pokémon TCG,Spanish,Evoluciones en Paldea,,PAL,,,,2023,2023-06-09,Escarlata y Púrpura,193,279,tcgdex
Pokémon TCG,Spanish,Colección de McDonald's 2023,,MCD23,,,,2023,2023-08-01,Colección de McDonald's,15,15,tcgdex
Pokémon TCG,Spanish,Llamas Obsidianas,,OBF,,,,2023,2023-08-11,Escarlata y Púrpura,197,230,tcgdex
Pokémon TCG,Spanish,151,,MEW,,,,2023,2023-09-22,Escarlata y Púrpura,165,207,tcgdex
Pokémon TCG,Spanish,Brecha Paradójica,,PAR,,,,2023,2023-11-03,Escarlata y Púrpura,182,266,tcgdex
Pokémon TCG,Spanish,Destinos de Paldea,,PAF,,,,2024,2024-01-26,Escarlata y Púrpura,91,245,tcgdex
Pokémon TCG,Spanish,Fuerzas Temporales,,TEF,,,,2024,2024-03-22,Escarlata y Púrpura,162,218,tcgdex
Pokémon TCG,Spanish,Mascarada Crepuscular,,TWM,,,,2024,2024-05-24,Escarlata y Púrpura,167,226,tcgdex
Pokémon TCG,Spanish,Fabula Sombría,,SFA,,,,2024,2024-08-02,Escarlata y Púrpura,64,99,tcgdex
Pokémon TCG,Spanish,Corona Astral,,SCR,,,,2024,2024-09-13,Escarlata y Púrpura,142,175,tcgdex
Pokémon TCG,Spanish,Genes Formidables,,A1,,,,2024,2024-10-30,Juego de Cartas Coleccionables Pokémon Pocket,226,286,tcgdex
Pokémon TCG,Spanish,Promo-A,,P-A,,,,2024,2024-10-30,Juego de Cartas Coleccionables Pokémon Pocket,0,92,tcgdex
Pokémon TCG,Spanish,Chispas Fulgurantes,,SSP,,,,2024,2024-11-08,Escarlata y Púrpura,191,252,tcgdex
Pokémon TCG,Spanish,Colección de McDonald's 2024,,MCD24,,,,2024,2024-12-04,Colección de McDonald's,15,15,tcgdex
Pokémon TCG,Spanish,La Isla Singular,,A1a,,,,2024,2024-12-17,Juego de Cartas Coleccionables Pokémon Pocket,68,86,tcgdex
Pokémon TCG,Spanish,Evoluciones Prismáticas,,PRE,,,,2025,2025-01-17,Escarlata y Púrpura,131,180,tcgdex
Pokémon TCG,Spanish,Pugna Espaciotemporal,,A2,,,,2025,2025-01-30,Juego de Cartas Coleccionables Pokémon Pocket,140,207,tcgdex
Pokémon TCG,Spanish,Luz Triunfal,,A2a,,,,2025,2025-02-28,Juego de Cartas Coleccionables Pokémon Pocket,75,96,tcgdex
Pokémon TCG,Spanish,Festival Brillante,,A2b,,,,2025,2025-03-27,Juego de Cartas Coleccionables Pokémon Pocket,72,111,tcgdex
Pokémon TCG,Spanish,Juntos de Aventuras,,JTG,,,,2025,2025-03-28,Escarlata y Púrpura,159,190,tcgdex
Pokémon TCG,Spanish,Guardianes Celestiales,,A3,,,,2025,2025-04-30,Juego de Cartas Coleccionables Pokémon Pocket,155,239,tcgdex
Pokémon TCG,Spanish,Rivales Predestinados,,DRI,,,,2025,2025-05-30,Escarlata y Púrpura,182,244,tcgdex
Pokémon TCG,Spanish,Fulgor Negro,,BLK,,,,2025,2025-07-17,Escarlata y Púrpura,86,172,tcgdex
Pokémon TCG,Spanish,Llama Blanca,,WHT,,,,2025,2025-07-17,Escarlata y Púrpura,86,173,tcgdex
Pokémon TCG,Spanish,Manantial Oculto,,A4a,,,,2025,2025-08-28,Juego de Cartas Coleccionables Pokémon Pocket,71,0,tcgdex
Pokémon TCG,Spanish,Megaevolución Energía,,MEE,,,,2025,2025-09-25,Megaevolución,8,8,tcgdex
Pokémon TCG,Spanish,MEP Black Star Promos,,MEP,,,,2025,2025-09-26,Megaevolución,0,88,tcgdex
Pokémon TCG,Spanish,Megaevolución,,MEG,,,,2025,2025-09-26,Megaevolución,132,188,tcgdex
Pokémon TCG,Spanish,Fuegos Fantasmales,,PFL,,,,2025,2025-11-14,Megaevolución,94,130,tcgdex
Pokémon TCG,Spanish,Fuego Carmesí,,B1a,,,,2025,2025-12-17,Juego de Cartas Coleccionables Pokémon Pocket,69,0,tcgdex
Pokémon TCG,Spanish,Desfile de Ensueño,,B2,,,,2026,2026-01-29,Juego de Cartas Coleccionables Pokémon Pocket,155,0,tcgdex
Pokémon TCG,Spanish,Héroes Ascendentes,,ASC,,,,2026,2026-01-30,Megaevolución,217,295,tcgdex
Pokémon TCG,Spanish,Paldean Wonders,,B2a,,,,2026,2026-02-26,Juego de Cartas Coleccionables Pokémon Pocket,93,129,tcgdex
Pokémon TCG,Spanish,Equilibrio Perfecto,,POR,,,,2026,2026-03-27,Megaevolución,88,124,tcgdex
Pokémon TCG,Spanish,Caos Creciente,,CRI,,,,2026,2026-05-22,Megaevolución,86,122,tcgdex
Pokémon TCG,Spanish,Oscuridad Absoluta,,PBL,,,,2026,2026-07-17,Megaevolución,84,120,tcgdex
Pokémon TCG,French,Set de Base,,BS,,,,1999,1999-01-09,Base,102,102,tcgdex
Pokémon TCG,French,Jungle,,JU,,,,1999,1999-06-16,Base,64,64,tcgdex
Pokémon TCG,French,Wizards Black Star Promos,,basep,,,,1999,1999-07-01,Base,53,26,tcgdex
Pokémon TCG,French,W Promotional,,wp,,,,1999,1999-09-01,Base,7,0,tcgdex
Pokémon TCG,French,Fossile,,FO,,,,1999,1999-10-10,Base,62,62,tcgdex
Pokémon TCG,French,Cartes Jumbo,,jumbo,,,,2000,2000-02-01,Autre,160,0,tcgdex
Pokémon TCG,French,Team Rocket,,RO,,,,2000,2000-04-24,Base,82,83,tcgdex
Pokémon TCG,French,Neo Genesis,,N1,,,,2000,2000-12-16,Neo,111,111,tcgdex
Pokémon TCG,French,Neo Discovery,,N2,,,,2001,2001-06-01,Neo,75,75,tcgdex
Pokémon TCG,French,Neo Revelation,,N3,,,,2001,2001-09-21,Neo,64,66,tcgdex
Pokémon TCG,French,Neo Destiny,,N4,,,,2002,2002-02-28,Neo,105,113,tcgdex
Pokémon TCG,French,Expedition,,EX,,,,2002,2002-09-15,e-cards,165,165,tcgdex
Pokémon TCG,French,Aquapolis,,AQ,,,,2003,2003-01-15,e-cards,147,182,tcgdex
Pokémon TCG,French,EX Rubis & Saphir,,RS,,,,2003,2003-07-01,EX,109,109,tcgdex
Pokémon TCG,French,EX Tempête de sable,,SS,,,,2003,2003-09-18,EX,100,100,tcgdex
Pokémon TCG,French,Promo Nintendo,,np,,,,2003,2003-10-01,POP,40,21,tcgdex
Pokémon TCG,French,EX Dragon,,DR,,,,2003,2003-11-24,EX,97,100,tcgdex
Pokémon TCG,French,EX Team Magma vs Team Aqua,,MA,,,,2004,2004-03-01,EX,95,97,tcgdex
Pokémon TCG,French,EX Légendes Oubliées,,HL,,,,2004,2004-06-01,EX,101,102,tcgdex
Pokémon TCG,French,EX Kit dresseur (Latias),,TK1A,,,,2004,2004-07-01,Kits du dresseur,10,10,tcgdex
Pokémon TCG,French,EX Kit dresseur (Latios),,TK1O,,,,2004,2004-07-01,Kits du dresseur,10,10,tcgdex
Pokémon TCG,French,EX Rouge Feu & Vert Feuille,,RG,,,,2004,2004-09-01,EX,112,116,tcgdex
Pokémon TCG,French,POP Série 1,,P1,,,,2004,2004-09-01,POP,17,17,tcgdex
Pokémon TCG,French,EX Deoxys,,DX,,,,2005,2005-02-01,EX,107,108,tcgdex
Pokémon TCG,French,EX Émeraude,,EM,,,,2005,2005-05-09,EX,106,107,tcgdex
Pokémon TCG,French,POP Série 2,,P2,,,,2005,2005-08-01,POP,17,17,tcgdex
Pokémon TCG,French,EX Forces Cachées,,UF,,,,2005,2005-08-22,EX,115,117,tcgdex
Pokémon TCG,French,EX Forces Cachées Collection Zarbi,,exu,,,,2005,2005-08-22,EX,28,28,tcgdex
Pokémon TCG,French,EX Espèces Delta,,DS,,,,2005,2005-10-31,EX,113,114,tcgdex
Pokémon TCG,French,EX Créateurs de légendes,,LM,,,,2006,2006-02-13,EX,92,93,tcgdex
Pokémon TCG,French,EX Kit dresseur (Négapi),,TK2M,,,,2006,2006-03-01,Kits du dresseur,12,12,tcgdex
Pokémon TCG,French,EX Kit dresseur (Positi),,TK2P,,,,2006,2006-03-01,Kits du dresseur,12,12,tcgdex
Pokémon TCG,French,POP Série 3,,P3,,,,2006,2006-04-01,POP,17,17,tcgdex
Pokémon TCG,French,EX Fantômes Holon,,HP,,,,2006,2006-05-03,EX,110,111,tcgdex
Pokémon TCG,French,POP Série 4,,P4,,,,2006,2006-08-01,POP,17,17,tcgdex
Pokémon TCG,French,EX Gardiens de Cristal,,CG,,,,2006,2006-08-30,EX,100,100,tcgdex
Pokémon TCG,French,EX Île des Dragons,,DF,,,,2006,2006-11-08,EX,101,101,tcgdex
Pokémon TCG,French,EX Gardiens du Pouvoir,,PK,,,,2007,2007-02-17,EX,108,108,tcgdex
Pokémon TCG,French,Diamant & Perle,,DP,,,,2007,2007-05-01,Diamant & Perle,130,130,tcgdex
Pokémon TCG,French,Promo DP,,dpp,,,,2007,2007-05-01,Diamant & Perle,56,42,tcgdex
Pokémon TCG,French,Trésors Mystérieux,,MT,,,,2007,2007-08-01,Diamant & Perle,123,124,tcgdex
Pokémon TCG,French,DP Kit dresseur (Lucario),,TK3L,,,,2007,2007-09-01,Kits du dresseur,11,11,tcgdex
Pokémon TCG,French,DP Kit dresseur (Manaphy),,TK3M,,,,2007,2007-09-01,Kits du dresseur,12,12,tcgdex
Pokémon TCG,French,Merveilles Secrètes,,SW,,,,2007,2007-11-01,Diamant & Perle,132,132,tcgdex
Pokémon TCG,French,Duels au Sommets,,GE,,,,2008,2008-02-01,Diamant & Perle,106,106,tcgdex
Pokémon TCG,French,POP Série 7,,P7,,,,2008,2008-03-01,POP,17,17,tcgdex
Pokémon TCG,French,Aube Majestueuse,,MD,,,,2008,2008-05-01,Diamant & Perle,100,100,tcgdex
Pokémon TCG,French,Éveil des Légendes,,LA,,,,2008,2008-08-01,Diamant & Perle,146,146,tcgdex
Pokémon TCG,French,Tempête,,SF,,,,2008,2008-11-01,Diamant & Perle,100,106,tcgdex
Pokémon TCG,French,Platine,,PL,,,,2009,2009-02-11,Platine,127,133,tcgdex
Pokémon TCG,French,POP Série 9,,P9,,,,2009,2009-03-01,POP,17,17,tcgdex
Pokémon TCG,French,Rivaux Émergeants,,RR,,,,2009,2009-05-16,Platine,111,120,tcgdex
Pokémon TCG,French,Vainqueurs Suprêmes,,SV,,,,2009,2009-08-19,Platine,147,162,tcgdex
Pokémon TCG,French,HeartGold SoulSilver,,HS,,,,2010,2010-02-10,HeartGold SoulSilver,123,124,tcgdex
Pokémon TCG,French,Promo HGSS,,hgssp,,,,2010,2010-02-11,HeartGold SoulSilver,25,25,tcgdex
Pokémon TCG,French,HS Kit du dresseur (Léviator),,TK4G,,,,2010,2010-05-01,Kits du dresseur,30,30,tcgdex
Pokémon TCG,French,HS Kit du dresseur (Raichu),,TK4R,,,,2010,2010-05-01,Kits du dresseur,30,30,tcgdex
Pokémon TCG,French,Déchaînement,,UL,,,,2010,2010-05-12,HeartGold SoulSilver,95,96,tcgdex
Pokémon TCG,French,Indomptable,,UND,,,,2010,2010-08-18,HeartGold SoulSilver,90,91,tcgdex
Pokémon TCG,French,Triomphant,,TRI,,,,2010,2010-11-03,HeartGold SoulSilver,102,103,tcgdex
Pokémon TCG,French,L'appel des Légendes,,COL,,,,2011,2011-02-09,L'appel des Légendes,95,106,tcgdex
Pokémon TCG,French,Noir & Blanc,,BLW,,,,2011,2011-04-25,Noir & Blanc,114,115,tcgdex
Pokémon TCG,French,Promo BW,,BWP,,,,2011,2011-04-26,Noir & Blanc,101,101,tcgdex
Pokémon TCG,French,Collection McDonald's 2011,,MCD11,,,,2011,2011-06-17,Collection McDonald's,12,12,tcgdex
Pokémon TCG,French,Pouvoirs Émergents,,EP,,,,2011,2011-08-31,Noir & Blanc,98,98,tcgdex
Pokémon TCG,French,BW Kit du dresseur (Minitaupe),,TK5E,,,,2011,2011-09-01,Kits du dresseur,30,30,tcgdex
Pokémon TCG,French,BW Kit du dresseur (Zoroark),,TK5Z,,,,2011,2011-09-01,Kits du dresseur,30,30,tcgdex
Pokémon TCG,French,Nobles Victoires,,NVI,,,,2011,2011-11-16,Noir & Blanc,101,102,tcgdex
Pokémon TCG,French,Destinées Futures,,NXD,,,,2012,2012-02-08,Noir & Blanc,99,103,tcgdex
Pokémon TCG,French,Explorateurs Obscurs,,DEX,,,,2012,2012-05-09,Noir & Blanc,108,111,tcgdex
Pokémon TCG,French,Collection McDonald's 2012,,MCD12,,,,2012,2012-06-15,Collection McDonald's,12,12,tcgdex
Pokémon TCG,French,Dragons Éxaltés,,DRX,,,,2012,2012-08-15,Noir & Blanc,124,128,tcgdex
Pokémon TCG,French,Coffre des Dragons,,DRV,,,,2012,2012-10-05,Noir & Blanc,20,21,tcgdex
Pokémon TCG,French,Frontières Franchies,,BCR,,,,2012,2012-11-07,Noir & Blanc,149,153,tcgdex
Pokémon TCG,French,Tempète Plasma,,PLS,,,,2013,2013-02-06,Noir & Blanc,135,138,tcgdex
Pokémon TCG,French,Glaciation Plasma,,PLF,,,,2013,2013-05-08,Noir & Blanc,116,122,tcgdex
Pokémon TCG,French,Explosion Plasma,,PLB,,,,2013,2013-08-14,Noir & Blanc,101,105,tcgdex
Pokémon TCG,French,Promo XY,,XYP,,,,2013,2013-10-12,XY,211,211,tcgdex
Pokémon TCG,French,Collection McDonald's 2013,,2013bw,,,,2013,2013-11-01,Collection McDonald's,12,12,tcgdex
Pokémon TCG,French,Radiant Collection,,rc,,,,2013,2013-11-06,Noir & Blanc,25,0,tcgdex
Pokémon TCG,French,Bienvenue à Kalos,,KSS,,,,2013,2013-11-08,XY,39,39,tcgdex
Pokémon TCG,French,XY,,XY,,,,2014,2014-02-05,XY,146,146,tcgdex
Pokémon TCG,French,carte alternative A Jaune,,xya,,,,2014,2014-02-05,XY,6,6,tcgdex
Pokémon TCG,French,XY Kit du dresseur (Bruyverne),,TK6N,,,,2014,2014-03-12,Kits du dresseur,30,30,tcgdex
Pokémon TCG,French,XY Kit du dresseur (Nymphali),,TK6S,,,,2014,2014-03-12,Kits du dresseur,30,30,tcgdex
Pokémon TCG,French,Étincelles,,FLF,,,,2014,2014-05-07,XY,106,109,tcgdex
Pokémon TCG,French,Collection McDonald's 2014,,MCD14,,,,2014,2014-05-23,Collection McDonald's,12,12,tcgdex
Pokémon TCG,French,Poings Furieux,,FFI,,,,2014,2014-08-13,XY,111,113,tcgdex
Pokémon TCG,French,XY Kit du dresseur (Grodoudou),,TK7B,,,,2014,2014-11-01,Kits du dresseur,30,30,tcgdex
Pokémon TCG,French,XY Kit du dresseur (Scalproie),,TK7A,,,,2014,2014-11-01,Kits du dresseur,30,30,tcgdex
Pokémon TCG,French,Vigueur Spectrale,,PHF,,,,2014,2014-11-05,XY,119,122,tcgdex
Pokémon TCG,French,Primo-Choc,,PRC,,,,2015,2015-02-04,XY,160,164,tcgdex
Pokémon TCG,French,Double Danger,,DCR,,,,2015,2015-03-25,XY,34,34,tcgdex
Pokémon TCG,French,XY Kit du dresseur (Latias),,TK8A,,,,2015,2015-04-29,Kits du dresseur,30,30,tcgdex
Pokémon TCG,French,XY Kit du dresseur (Latios),,TK8O,,,,2015,2015-04-29,Kits du dresseur,30,30,tcgdex
Pokémon TCG,French,Ciel Rugissant,,ROS,,,,2015,2015-05-06,XY,108,110,tcgdex
Pokémon TCG,French,Origines Antiques,,AOR,,,,2015,2015-08-12,XY,98,100,tcgdex
Pokémon TCG,French,Impulsion Turbo,,BKT,,,,2015,2015-11-04,XY,162,164,tcgdex
Pokémon TCG,French,Collection McDonald's 2015,,MCD15,,,,2015,2015-11-27,Collection McDonald's,12,12,tcgdex
Pokémon TCG,French,Rupture Turbo,,BKP,,,,2016,2016-02-03,XY,122,123,tcgdex
Pokémon TCG,French,Générations,,GEN,,,,2016,2016-02-22,XY,83,115,tcgdex
Pokémon TCG,French,XY Kit du dresseur (Pikachu Libre),,TK9P,,,,2016,2016-04-27,Kits du dresseur,30,30,tcgdex
Pokémon TCG,French,XY Kit du dresseur (Suicune),,TK9S,,,,2016,2016-04-27,Kits du dresseur,30,30,tcgdex
Pokémon TCG,French,Impact des Destins,,FCO,,,,2016,2016-05-02,XY,124,125,tcgdex
Pokémon TCG,French,Offensive Vapeur,,STS,,,,2016,2016-08-03,XY,114,116,tcgdex
Pokémon TCG,French,Collection McDonald's 2016,,MCD16,,,,2016,2016-08-20,Collection McDonald's,12,12,tcgdex
Pokémon TCG,French,Évolutions,,EVO,,,,2016,2016-11-02,XY,108,113,tcgdex
Pokémon TCG,French,Promo SM,,SMP,,,,2017,2017-02-03,Soleil et Lune,248,248,tcgdex
Pokémon TCG,French,Soleil et Lune,,SUM,,,,2017,2017-02-03,Soleil et Lune,149,163,tcgdex
Pokémon TCG,French,SM Kit du dresseur (Lougarox),,TK10L,,,,2017,2017-04-21,Kits du dresseur,30,18,tcgdex
Pokémon TCG,French,SM Kit du dresseur (Raichu d'Alola),,TK10A,,,,2017,2017-04-21,Kits du dresseur,30,19,tcgdex
Pokémon TCG,French,Gardiens Ascendants,,GRI,,,,2017,2017-05-05,Soleil et Lune,145,169,tcgdex
Pokémon TCG,French,Collection McDonald's 2017,,MCD17,,,,2017,2017-08-03,Collection McDonald's,12,12,tcgdex
Pokémon TCG,French,Ombres Ardentes,,BUS,,,,2017,2017-08-04,Soleil et Lune,147,169,tcgdex
Pokémon TCG,French,Légendes Brillantes,,SLG,,,,2017,2017-10-06,Soleil et Lune,73,78,tcgdex
Pokémon TCG,French,Invasion Carmin,,CIN,,,,2017,2017-11-03,Soleil et Lune,111,124,tcgdex
Pokémon TCG,French,Ultra-Prisme,,UPR,,,,2018,2018-02-02,Soleil et Lune,156,173,tcgdex
Pokémon TCG,French,Lumière Interdite,,FLI,,,,2018,2018-05-04,Soleil et Lune,131,146,tcgdex
Pokémon TCG,French,Collection McDonald's 2018,,2018sm-fr,,,,2018,2018-06-13,Collection McDonald's,40,40,tcgdex
Pokémon TCG,French,Tempête Céleste,,CES,,,,2018,2018-08-03,Soleil et Lune,168,183,tcgdex
Pokémon TCG,French,Majesté Des Dragons,,DRM,,,,2018,2018-09-07,Soleil et Lune,70,78,tcgdex
Pokémon TCG,French,Tonnerre Perdu,,LOT,,,,2018,2018-11-02,Soleil et Lune,214,236,tcgdex
Pokémon TCG,French,Duo de Choc,,TEU,,,,2019,2019-01-31,Soleil et Lune,181,196,tcgdex
Pokémon TCG,French,Détective Pikachu,,DET,,,,2019,2019-03-29,Soleil et Lune,18,18,tcgdex
Pokémon TCG,French,Alliance Infaillible,,UNB,,,,2019,2019-05-03,Soleil et Lune,214,234,tcgdex
Pokémon TCG,French,Harmonie des Esprits,,UNM,,,,2019,2019-08-02,Soleil et Lune,236,258,tcgdex
Pokémon TCG,French,Destinées Occultes,,HIF,,,,2019,2019-08-23,Soleil et Lune,68,69,tcgdex
Pokémon TCG,French,Destinées Occultes Coffre Étincelant,,sma,,,,2019,2019-08-23,Soleil et Lune,94,94,tcgdex
Pokémon TCG,French,Collection McDonald's 2019,,2019sm-fr,,,,2019,2019-10-30,Collection McDonald's,40,40,tcgdex
Pokémon TCG,French,Éclipse Cosmique,,CEC,,,,2019,2019-11-01,Soleil et Lune,236,271,tcgdex
Pokémon TCG,French,Promo SWSH,,swshp,,,,2019,2019-11-15,Épée et Bouclier,307,301,tcgdex
Pokémon TCG,French,Épée et Bouclier,,SSH,,,,2020,2020-02-07,Épée et Bouclier,202,216,tcgdex
Pokémon TCG,French,Clash des Rebelles,,RCL,,,,2020,2020-05-01,Épée et Bouclier,192,209,tcgdex
Pokémon TCG,French,Ténèbres Embrasées,,DAA,,,,2020,2020-08-14,Épée et Bouclier,189,201,tcgdex
Pokémon TCG,French,La Voie du Maître,,CPA,,,,2020,2020-09-25,Épée et Bouclier,73,80,tcgdex
Pokémon TCG,French,Voltage Éclatant,,VIV,,,,2020,2020-11-13,Épée et Bouclier,185,203,tcgdex
Pokémon TCG,French,Collection McDonald's 2021,,MCD21,,,,2021,2021-02-09,Collection McDonald's,25,25,tcgdex
Pokémon TCG,French,Destinées Radieuses,,SHF,,,,2021,2021-02-19,Épée et Bouclier,72,73,tcgdex
Pokémon TCG,French,Destinées Radieuses Coffre Étincelant,,SHF:SV,,,,2021,2021-02-19,Épée et Bouclier,122,122,tcgdex
Pokémon TCG,French,Styles de combat,,BST,,,,2021,2021-03-19,Épée et Bouclier,163,183,tcgdex
Pokémon TCG,French,Règne de Glace,,CRE,,,,2021,2021-06-18,Épée et Bouclier,198,233,tcgdex
Pokémon TCG,French,Évolution Céleste,,EVS,,,,2021,2021-08-27,Épée et Bouclier,203,237,tcgdex
Pokémon TCG,French,Célébrations,,CEL,,,,2021,2021-10-08,Épée et Bouclier,25,25,tcgdex
Pokémon TCG,French,Célébrations Collection Classique,,CEL:CC,,,,2021,2021-10-08,Épée et Bouclier,25,25,tcgdex
Pokémon TCG,French,Poing de Fusion,,FST,,,,2021,2021-11-12,Épée et Bouclier,264,284,tcgdex
Pokémon TCG,French,Stars Étincelantes,,BRS,,,,2022,2022-02-25,Épée et Bouclier,172,186,tcgdex
Pokémon TCG,French,Stars Étincelantes Galerie de Dresseurs,,BRS:TG,,,,2022,2022-02-25,Épée et Bouclier,30,30,tcgdex
Pokémon TCG,French,Astres Radieux,,ASR,,,,2022,2022-05-27,Épée et Bouclier,189,216,tcgdex
Pokémon TCG,French,Astres Radieux Galerie de Dresseurs,,ASR:TG,,,,2022,2022-05-27,Épée et Bouclier,30,30,tcgdex
Pokémon TCG,French,Pokémon GO,,PGO,,,,2022,2022-07-01,Épée et Bouclier,78,88,tcgdex
Pokémon TCG,French,Collection McDonald's 2022,,MCD22,,,,2022,2022-08-03,Collection McDonald's,15,15,tcgdex
Pokémon TCG,French,Origine Perdue,,LOR,,,,2022,2022-09-09,Épée et Bouclier,196,217,tcgdex
Pokémon TCG,French,Origine Perdue Galerie de Dresseurs,,LOR:TG,,,,2022,2022-09-09,Épée et Bouclier,30,30,tcgdex
Pokémon TCG,French,Tempête Argentée,,SIT,,,,2022,2022-11-11,Épée et Bouclier,195,215,tcgdex
Pokémon TCG,French,Tempête Argentée Galerie de Dresseurs,,SIT:TG,,,,2022,2022-11-11,Épée et Bouclier,30,30,tcgdex
Pokémon TCG,French,Zénith Suprême,,CRZ,,,,2023,2023-01-20,Épée et Bouclier,159,160,tcgdex
Pokémon TCG,French,Zénith Suprême Galerie Galaroise,,CRZ:GG,,,,2023,2023-01-20,Épée et Bouclier,70,70,tcgdex
Pokémon TCG,French,SVP Black Star Promos,,SVP,,,,2023,2023-03-31,Écarlate et Violet,225,220,tcgdex
Pokémon TCG,French,Écarlate et Violet,,SVI,,,,2023,2023-03-31,Écarlate et Violet,198,258,tcgdex
Pokémon TCG,French,Écarlate et Violet Énergie,,SVE,,,,2023,2023-03-31,Écarlate et Violet,24,24,tcgdex
Pokémon TCG,French,Évolutions à Paldea,,PAL,,,,2023,2023-06-09,Écarlate et Violet,193,279,tcgdex
Pokémon TCG,French,Collection McDonald's 2023,,MCD23,,,,2023,2023-08-01,Collection McDonald's,15,15,tcgdex
Pokémon TCG,French,Flammes Obsidiennes,,OBF,,,,2023,2023-08-11,Écarlate et Violet,197,230,tcgdex
Pokémon TCG,French,151,,MEW,,,,2023,2023-09-22,Écarlate et Violet,165,207,tcgdex
Pokémon TCG,French,Faille Paradoxe,,PAR,,,,2023,2023-11-03,Écarlate et Violet,182,266,tcgdex
Pokémon TCG,French,Destinées de Paldea,,PAF,,,,2024,2024-01-26,Écarlate et Violet,91,245,tcgdex
Pokémon TCG,French,Forces Temporelles,,TEF,,,,2024,2024-03-22,Écarlate et Violet,162,218,tcgdex
Pokémon TCG,French,Mascarade Crépusculaire,,TWM,,,,2024,2024-05-24,Écarlate et Violet,167,226,tcgdex
Pokémon TCG,French,Fable Nébuleuse,,SFA,,,,2024,2024-08-02,Écarlate et Violet,64,99,tcgdex
Pokémon TCG,French,Couronne Stellaire,,SCR,,,,2024,2024-09-13,Écarlate et Violet,142,175,tcgdex
Pokémon TCG,French,Promo-A,,P-A,,,,2024,2024-10-30,Jeu de Cartes à Collectionner Pokémon Pocket,0,73,tcgdex
Pokémon TCG,French,Puissance Génétique,,A1,,,,2024,2024-10-30,Jeu de Cartes à Collectionner Pokémon Pocket,226,286,tcgdex
Pokémon TCG,French,Étincelles Déferlantes,,SSP,,,,2024,2024-11-08,Écarlate et Violet,191,252,tcgdex
Pokémon TCG,French,Collection McDonald's 2024,,MCD24,,,,2024,2024-12-04,Collection McDonald's,15,15,tcgdex
Pokémon TCG,French,L’Île Fabuleuse,,A1a,,,,2024,2024-12-17,Jeu de Cartes à Collectionner Pokémon Pocket,68,86,tcgdex
Pokémon TCG,French,Évolutions Prismatiques,,PRE,,,,2025,2025-01-17,Écarlate et Violet,131,180,tcgdex
Pokémon TCG,French,Choc Spatio-Temporel,,A2,,,,2025,2025-01-30,Jeu de Cartes à Collectionner Pokémon Pocket,140,207,tcgdex
Pokémon TCG,French,Lumière Triomphale,,A2a,,,,2025,2025-02-28,Jeu de Cartes à Collectionner Pokémon Pocket,75,96,tcgdex
Pokémon TCG,French,Réjouissances Rayonnantes,,A2b,,,,2025,2025-03-27,Jeu de Cartes à Collectionner Pokémon Pocket,72,111,tcgdex
Pokémon TCG,French,Aventures Ensemble,,JTG,,,,2025,2025-03-28,Écarlate et Violet,159,190,tcgdex
Pokémon TCG,French,Gardiens Astraux,,A3,,,,2025,2025-04-30,Jeu de Cartes à Collectionner Pokémon Pocket,155,239,tcgdex
Pokémon TCG,French,Crise Interdimensionnelle,,A3a,,,,2025,2025-05-29,Jeu de Cartes à Collectionner Pokémon Pocket,69,103,tcgdex
Pokémon TCG,French,Rivalités Destinées,,DRI,,,,2025,2025-05-30,Écarlate et Violet,182,244,tcgdex
Pokémon TCG,French,La Clairière d'Évoli,,A3b,,,,2025,2025-06-26,Jeu de Cartes à Collectionner Pokémon Pocket,69,107,tcgdex
Pokémon TCG,French,Flamme Blanche,,WHT,,,,2025,2025-07-17,Écarlate et Violet,86,173,tcgdex
Pokémon TCG,French,Foudre Noire,,BLK,,,,2025,2025-07-17,Écarlate et Violet,86,172,tcgdex
Pokémon TCG,French,Sagesse Entre Ciel et Mer,,A4,,,,2025,2025-07-30,Jeu de Cartes à Collectionner Pokémon Pocket,161,241,tcgdex
Pokémon TCG,French,Source Secrète,,A4a,,,,2025,2025-08-28,Jeu de Cartes à Collectionner Pokémon Pocket,71,105,tcgdex
Pokémon TCG,French,Méga-Évolution Énergie,,MEE,,,,2025,2025-09-25,Méga-Évolution,8,8,tcgdex
Pokémon TCG,French,MEP Black Star Promos,,MEP,,,,2025,2025-09-26,Méga-Évolution,0,88,tcgdex
Pokémon TCG,French,Méga-Évolution,,MEG,,,,2025,2025-09-26,Méga-Évolution,132,188,tcgdex
Pokémon TCG,French,Méga-Ascension,,B1,,,,2025,2025-10-30,Jeu de Cartes à Collectionner Pokémon Pocket,226,331,tcgdex
Pokémon TCG,French,Flammes Fantasmagoriques,,PFL,,,,2025,2025-11-14,Méga-Évolution,94,130,tcgdex
Pokémon TCG,French,Embrasement Écarlate,,B1a,,,,2025,2025-12-17,Jeu de Cartes à Collectionner Pokémon Pocket,69,0,tcgdex
Pokémon TCG,French,Parade Onirique,,B2,,,,2026,2026-01-29,Jeu de Cartes à Collectionner Pokémon Pocket,155,0,tcgdex
Pokémon TCG,French,Héros Transcendants,,ASC,,,,2026,2026-01-30,Méga-Évolution,217,295,tcgdex
Pokémon TCG,French,Merveilles de Paldea,,B2a,,,,2026,2026-02-26,Jeu de Cartes à Collectionner Pokémon Pocket,93,131,tcgdex
Pokémon TCG,French,Équilibre Parfait,,POR,,,,2026,2026-03-27,Méga-Évolution,88,124,tcgdex
Pokémon TCG,French,Chaos Ascendant,,CRI,,,,2026,2026-05-22,Méga-Évolution,86,122,tcgdex
Pokémon TCG,French,Nuit Noire,,PBL,,,,2026,2026-07-17,Méga-Évolution,84,120,tcgdex
Pokémon TCG,Indonesian,Pedang & Perisai,,SC1D,,,,2020,2020-11-21,Pedang & Perisai,164,0,tcgdex
Pokémon TCG,Indonesian,劍&盾」SET A,,SC1a,,,,2020,2020-11-21,Pedang & Perisai,154,0,tcgdex
Pokémon TCG,Indonesian,劍&盾」SET B,,SC1b,,,,2020,2020-11-21,Pedang & Perisai,153,0,tcgdex
Pokémon TCG,Indonesian,Koleksi VMAX Berkilau Set A,,SC3a,,,,2021,2021-03-21,Pedang & Perisai,159,0,tcgdex
Pokémon TCG,Indonesian,Koleksi VMAX Berkilau Set B,,SC3b,,,,2021,2021-03-21,Pedang & Perisai,158,0,tcgdex
Pokémon TCG,Indonesian,V Starter Deck Teman,,SCA,,,,2021,2021-03-21,Pedang & Perisai,135,0,tcgdex
Pokémon TCG,Indonesian,Master Serangan Beruntun,,S5R,,,,2021,2021-05-21,Pedang & Perisai,70,0,tcgdex
Pokémon TCG,Indonesian,Master Serangan Tunggal,,S5I,,,,2021,2021-05-21,Pedang & Perisai,70,0,tcgdex
Pokémon TCG,Indonesian,Tantangan,,SCB,,,,2021,2021-05-21,Pedang & Perisai,156,0,tcgdex
Pokémon TCG,Indonesian,Dua Pilar Petarung,,S5a,,,,2021,2021-07-02,Pedang & Perisai,70,0,tcgdex
Pokémon TCG,Indonesian,Astral Gelap Gulita,,S6K,,,,2021,2021-10-01,Pedang & Perisai,70,0,tcgdex
Pokémon TCG,Indonesian,Evolusi,,SCC,,,,2021,2021-10-01,Pedang & Perisai,172,0,tcgdex
Pokémon TCG,Indonesian,Ganjur Salju Perak,,S6H,,,,2021,2021-10-01,Pedang & Perisai,70,0,tcgdex
Pokémon TCG,Indonesian,Para Eevee Pahlawan,,S6a,,,,2021,2021-10-01,Pedang & Perisai,69,0,tcgdex
Pokémon TCG,Indonesian,Arus Langit Biru,,S7R,,,,2021,2021-11-05,Pedang & Perisai,67,0,tcgdex
Pokémon TCG,Indonesian,Pencakar Langit Sempurna,,S7D,,,,2021,2021-11-05,Pedang & Perisai,67,0,tcgdex
Pokémon TCG,Indonesian,Koleksi Perayaan 25 Tahun,,S8a,,,,2021,2021-12-15,Pedang & Perisai,28,0,tcgdex
Pokémon TCG,Indonesian,Teknik Fusion,,S8,,,,2022,2022-01-21,Pedang & Perisai,100,0,tcgdex
Pokémon TCG,Indonesian,V Starter Deck Kekuatan,,SCD,,,,2022,2022-01-21,Pedang & Perisai,159,0,tcgdex
Pokémon TCG,Indonesian,VMAX Klimaks,,S8b,,,,2022,2022-01-21,Pedang & Perisai,184,0,tcgdex
Pokémon TCG,Indonesian,Kebangkitan,,SCE,,,,2022,2022-04-22,Pedang & Perisai,173,0,tcgdex
Pokémon TCG,Indonesian,Pertarungan Daerah,,S9a,,,,2022,2022-04-22,Pedang & Perisai,67,0,tcgdex
Pokémon TCG,Indonesian,Star Birth,,S9,,,,2022,2022-04-22,Pedang & Perisai,100,0,tcgdex
Pokémon TCG,Indonesian,Pokémon GO,,S10b,,,,2022,2022-06-17,Pedang & Perisai,71,0,tcgdex
Pokémon TCG,Indonesian,Kartu Promo,,S-P,,,,2022,2022-07-14,Pedang & Perisai,0,0,tcgdex
Pokémon TCG,Indonesian,Pengamat Waktu,,S10D,,,,2022,2022-07-29,Pedang & Perisai,67,0,tcgdex
Pokémon TCG,Indonesian,Penyulap Ruang,,S10P,,,,2022,2022-07-29,Pedang & Perisai,67,0,tcgdex
Pokémon TCG,Indonesian,Fantom Kegelapan,,S10a,,,,2022,2022-08-26,Pedang & Perisai,71,0,tcgdex
Pokémon TCG,Indonesian,Hantaman Triplet,,S11,,,,2022,2022-09-23,Pedang & Perisai,100,0,tcgdex
Pokémon TCG,Indonesian,Arkana Memuncak,,S11a,,,,2022,2022-10-28,Pedang & Perisai,68,0,tcgdex
Pokémon TCG,Indonesian,Pemicu Paradigma,,S12,,,,2022,2022-11-25,Pedang & Perisai,98,0,tcgdex
Pokémon TCG,Indonesian,Transformasi,,SCF,,,,2022,2022-11-25,Pedang & Perisai,176,0,tcgdex
Pokémon TCG,Indonesian,VSTAR Semesta,,S12a,,,,2022,2022-12-23,Pedang & Perisai,172,0,tcgdex
Pokémon TCG,Indonesian,Fuecoco & Ampharos ex,,SVAM,,,,2023,2023-03-03,Scarlet & Violet,23,25,tcgdex
Pokémon TCG,Indonesian,Kartu Promo,,SV-P,,,,2023,2023-03-03,Scarlet & Violet,0,0,tcgdex
Pokémon TCG,Indonesian,Quaxly & Mimikyu ex,,SVAW,,,,2023,2023-03-03,Scarlet & Violet,23,25,tcgdex
Pokémon TCG,Indonesian,Scarlet ex,,SV1S,,,,2023,2023-03-03,Scarlet & Violet,78,78,tcgdex
Pokémon TCG,Indonesian,Sprigatito & Lucario ex,,SVAL,,,,2023,2023-03-03,Scarlet & Violet,21,23,tcgdex
Pokémon TCG,Indonesian,Violet ex,,SV1V,,,,2023,2023-03-03,Scarlet & Violet,78,78,tcgdex
Pokémon TCG,Indonesian,Hantaman Triplet,,SV1a,,,,2023,2023-04-21,Scarlet & Violet,73,73,tcgdex
Pokémon TCG,Indonesian,Letusan Tanah,,SV2D,,,,2023,2023-06-30,Scarlet & Violet,71,71,tcgdex
Pokémon TCG,Indonesian,Mara Bahaya Salju,,SV2P,,,,2023,2023-06-30,Scarlet & Violet,71,71,tcgdex
Pokémon TCG,Indonesian,Kartu Pokémon 151,,SV2a,,,,2023,2023-07-28,Scarlet & Violet,165,207,tcgdex
Pokémon TCG,Indonesian,Kilau Hitam,,SV3s,,,,2023,2023-10-27,Scarlet & Violet,170,227,tcgdex
Pokémon TCG,Indonesian,Deck Ringkas ex,,SVDs,,,,2023,2023-11-10,Scarlet & Violet,163,171,tcgdex
Pokémon TCG,Indonesian,Pertemuan Paradoks,,SV4s,,,,2023,2023-12-15,Scarlet & Violet,132,184,tcgdex
Pokémon TCG,Indonesian,Harta Berkilau ex,,SV4a,,,,2024,2024-01-26,Scarlet & Violet,190,314,tcgdex
Pokémon TCG,Indonesian,Paradoks Andalan,,SV5s,,,,2024,2024-03-29,Scarlet & Violet,142,194,tcgdex
Pokémon TCG,Indonesian,Hantaman Triplet,,CS1.5,,,,2024,2024-04-26,Pedang & Perisai,101,0,tcgdex
Pokémon TCG,Indonesian,Hantaman Triplet,,CS1a,,,,2024,2024-04-26,Pedang & Perisai,101,0,tcgdex
Pokémon TCG,Indonesian,Hantaman Triplet,,CS1b,,,,2024,2024-04-26,Pedang & Perisai,101,0,tcgdex
Pokémon TCG,Indonesian,Hantaman Triplet,,CS2.5,,,,2024,2024-04-26,Pedang & Perisai,101,0,tcgdex
Pokémon TCG,Indonesian,Hantaman Triplet,,CS2a,,,,2024,2024-04-26,Pedang & Perisai,101,0,tcgdex
Pokémon TCG,Indonesian,Hantaman Triplet,,CS2b,,,,2024,2024-04-26,Pedang & Perisai,101,0,tcgdex
Pokémon TCG,Indonesian,Hantaman Triplet,,CS3.5,,,,2024,2024-04-26,Pedang & Perisai,101,0,tcgdex
Pokémon TCG,Indonesian,Hantaman Triplet,,CS3D,,,,2024,2024-04-26,Pedang & Perisai,101,0,tcgdex
Pokémon TCG,Indonesian,Hantaman Triplet,,CS3a,,,,2024,2024-04-26,Pedang & Perisai,101,0,tcgdex
Pokémon TCG,Indonesian,Hantaman Triplet,,CS3b,,,,2024,2024-04-26,Pedang & Perisai,101,0,tcgdex
Pokémon TCG,Indonesian,Hantaman Triplet,,CS4,,,,2024,2024-04-26,Pedang & Perisai,101,0,tcgdex
Pokémon TCG,Indonesian,Hantaman Triplet,,CS4Da,,,,2024,2024-04-26,Pedang & Perisai,101,0,tcgdex
Pokémon TCG,Indonesian,Hantaman Triplet,,CS4a,,,,2024,2024-04-26,Pedang & Perisai,101,0,tcgdex
Pokémon TCG,Indonesian,Hantaman Triplet,,CS4b,,,,2024,2024-04-26,Pedang & Perisai,101,0,tcgdex
Pokémon TCG,Indonesian,Hantaman Triplet,,CSA,,,,2024,2024-04-26,Pedang & Perisai,101,0,tcgdex
Pokémon TCG,Indonesian,Koraidon ex Purba,,SVHK,,,,2024,2024-04-26,Scarlet & Violet,22,24,tcgdex
Pokémon TCG,Indonesian,Miraidon ex Futur,,SVHM,,,,2024,2024-04-26,Scarlet & Violet,22,24,tcgdex
Pokémon TCG,Indonesian,Topeng Transfigurasi,,SV6s,,,,2024,2024-05-31,Scarlet & Violet,167,167,tcgdex
Pokémon TCG,Indonesian,Bimbingan Rasi,,SV7s,,,,2024,2024-09-20,Scarlet & Violet,166,166,tcgdex
Pokémon TCG,Indonesian,Kilat Rasi,,SV8s,,,,2024,2024-11-29,Scarlet & Violet,182,244,tcgdex
Pokémon TCG,Indonesian,Festival Terastal ex,,SV8a,,,,2025,2025-01-31,Scarlet & Violet,187,237,tcgdex
Pokémon TCG,Indonesian,Ikatan Takdir,,SV9s,,,,2025,2025-04-18,Scarlet & Violet,139,185,tcgdex
Pokémon TCG,Italian,Set Base,,BS,,,,1999,1999-01-09,Originale,102,102,tcgdex
Pokémon TCG,Italian,Jungle,,JU,,,,1999,1999-06-16,Originale,64,64,tcgdex
Pokémon TCG,Italian,Wizards Black Star Promos,,basep,,,,1999,1999-07-01,Originale,53,0,tcgdex
Pokémon TCG,Italian,Carte Promo Wizards,,wp,,,,1999,1999-09-01,Originale,7,0,tcgdex
Pokémon TCG,Italian,Fossil,,FO,,,,1999,1999-10-10,Originale,62,0,tcgdex
Pokémon TCG,Italian,Team Rocket,,RO,,,,2000,2000-04-24,Originale,82,0,tcgdex
Pokémon TCG,Italian,Neo Genesis,,N1,,,,2000,2000-12-16,Neo,111,0,tcgdex
Pokémon TCG,Italian,Neo Discovery,,N2,,,,2001,2001-06-01,Neo,75,0,tcgdex
Pokémon TCG,Italian,Neo Revelation,,N3,,,,2001,2001-09-21,Neo,64,0,tcgdex
Pokémon TCG,Italian,Neo Destiny,,N4,,,,2002,2002-02-28,Neo,105,0,tcgdex
Pokémon TCG,Italian,Expedition Set Base,,EX,,,,2002,2002-09-15,e-Series,165,0,tcgdex
Pokémon TCG,Italian,Aquapolis,,AQ,,,,2003,2003-01-15,e-Series,147,0,tcgdex
Pokémon TCG,Italian,Skyridge,,SK,,,,2003,2003-05-12,e-Series,144,0,tcgdex
Pokémon TCG,Italian,EX Rubino & Zaffiro,,RS,,,,2003,2003-07-01,EX,109,0,tcgdex
Pokémon TCG,Italian,EX Tempesta di Sabbia,,SS,,,,2003,2003-09-18,EX,100,0,tcgdex
Pokémon TCG,Italian,Nintendo Black Star Promos,,np,,,,2003,2003-10-01,POP,40,0,tcgdex
Pokémon TCG,Italian,EX Drago,,DR,,,,2003,2003-11-24,EX,97,0,tcgdex
Pokémon TCG,Italian,EX Team Magma vs Team Idro,,MA,,,,2004,2004-03-01,EX,95,0,tcgdex
Pokémon TCG,Italian,EX Leggende Nascoste,,HL,,,,2004,2004-06-01,EX,101,0,tcgdex
Pokémon TCG,Italian,EX trainer Kit (Latias),,TK1A,,,,2004,2004-07-01,Trainer Kit,10,0,tcgdex
Pokémon TCG,Italian,EX trainer Kit (Latios),,TK1O,,,,2004,2004-07-01,Trainer Kit,10,0,tcgdex
Pokémon TCG,Italian,EX RossoFuoco e VerdeFoglia,,RG,,,,2004,2004-09-01,EX,112,0,tcgdex
Pokémon TCG,Italian,POP Serie 1,,P1,,,,2004,2004-09-01,POP,17,0,tcgdex
Pokémon TCG,Italian,EX Deoxys,,DX,,,,2005,2005-02-01,EX,107,0,tcgdex
Pokémon TCG,Italian,EX Smeraldo,,EM,,,,2005,2005-05-09,EX,106,0,tcgdex
Pokémon TCG,Italian,POP Serie 2,,P2,,,,2005,2005-08-01,POP,17,0,tcgdex
Pokémon TCG,Italian,EX Forze Segrete,,UF,,,,2005,2005-08-22,EX,115,0,tcgdex
Pokémon TCG,Italian,EX Forze Segrete Unown,,exu,,,,2005,2005-08-22,EX,28,0,tcgdex
Pokémon TCG,Italian,EX Specie Delta,,DS,,,,2005,2005-10-31,EX,113,0,tcgdex
Pokémon TCG,Italian,EX La Leggenda di Mew,,LM,,,,2006,2006-02-13,EX,92,0,tcgdex
Pokémon TCG,Italian,EX trainer Kit (Ninun),,TK2M,,,,2006,2006-03-01,Trainer Kit,12,0,tcgdex
Pokémon TCG,Italian,EX trainer Kit (Plusle),,TK2P,,,,2006,2006-03-01,Trainer Kit,12,0,tcgdex
Pokémon TCG,Italian,POP Serie 3,,P3,,,,2006,2006-04-01,POP,17,0,tcgdex
Pokémon TCG,Italian,EX Fantasmi di Holon,,HP,,,,2006,2006-05-03,EX,110,0,tcgdex
Pokémon TCG,Italian,POP Serie 4,,P4,,,,2006,2006-08-01,POP,17,0,tcgdex
Pokémon TCG,Italian,EX Guardiani dei Cristalli,,CG,,,,2006,2006-08-30,EX,100,0,tcgdex
Pokémon TCG,Italian,EX L'Isola dei Draghi,,DF,,,,2006,2006-11-08,EX,101,0,tcgdex
Pokémon TCG,Italian,POP Serie 5,,P5,,,,2007,2007-03-01,POP,17,0,tcgdex
Pokémon TCG,Italian,DP Black Star Promos,,dpp,,,,2007,2007-05-01,Diamante & Perla,56,0,tcgdex
Pokémon TCG,Italian,Diamante & Perla,,DP,,,,2007,2007-05-01,Diamante & Perla,130,0,tcgdex
Pokémon TCG,Italian,Tesori Misteriosi,,MT,,,,2007,2007-08-01,Diamante & Perla,123,0,tcgdex
Pokémon TCG,Italian,Diamond & Pearl trainer Kit (Lucario),,TK3L,,,,2007,2007-09-01,Trainer Kit,11,0,tcgdex
Pokémon TCG,Italian,Diamond & Pearl trainer Kit (Manaphy),,TK3M,,,,2007,2007-09-01,Trainer Kit,12,0,tcgdex
Pokémon TCG,Italian,Prodigi Segreti,,SW,,,,2007,2007-11-01,Diamante & Perla,132,0,tcgdex
Pokémon TCG,Italian,Incontri Leggendari,,GE,,,,2008,2008-02-01,Diamante & Perla,106,0,tcgdex
Pokémon TCG,Italian,POP Serie 7,,P7,,,,2008,2008-03-01,POP,17,0,tcgdex
Pokémon TCG,Italian,Alba Suprema,,MD,,,,2008,2008-05-01,Diamante & Perla,100,0,tcgdex
Pokémon TCG,Italian,Il Risveglio dei Miti,,LA,,,,2008,2008-08-01,Diamante & Perla,146,0,tcgdex
Pokémon TCG,Italian,Fronte di Tempesta,,SF,,,,2008,2008-11-01,Diamante & Perla,100,0,tcgdex
Pokémon TCG,Italian,Platino,,PL,,,,2009,2009-02-11,Platino,127,0,tcgdex
Pokémon TCG,Italian,POP Serie 9,,P9,,,,2009,2009-03-01,POP,17,0,tcgdex
Pokémon TCG,Italian,L'Ascesa dei Rivali,,RR,,,,2009,2009-05-16,Platino,111,0,tcgdex
Pokémon TCG,Italian,Arceus,,AR,,,,2009,2009-11-04,Platino,99,0,tcgdex
Pokémon TCG,Italian,HeartGold SoulSilver,,HS,,,,2010,2010-02-10,HeartGold SoulSilver,123,0,tcgdex
Pokémon TCG,Italian,HGSS Promo,,hgssp,,,,2010,2010-02-11,HeartGold SoulSilver,25,0,tcgdex
Pokémon TCG,Italian,HS trainer Kit (Gyarados),,TK4G,,,,2010,2010-05-01,Trainer Kit,30,0,tcgdex
Pokémon TCG,Italian,HS trainer Kit (Raichu),,TK4R,,,,2010,2010-05-01,Trainer Kit,30,0,tcgdex
Pokémon TCG,Italian,Forze Scatenate,,UL,,,,2010,2010-05-12,HeartGold SoulSilver,95,0,tcgdex
Pokémon TCG,Italian,Senza Paura,,UND,,,,2010,2010-08-18,HeartGold SoulSilver,90,0,tcgdex
Pokémon TCG,Italian,Battaglie Trionfali,,TRI,,,,2010,2010-11-03,HeartGold SoulSilver,102,0,tcgdex
Pokémon TCG,Italian,Richiamo delle Leggende,,COL,,,,2011,2011-02-09,Richiamo delle Leggende,95,0,tcgdex
Pokémon TCG,Italian,Nero e Bianco,,BLW,,,,2011,2011-04-25,Nero e Bianco,114,115,tcgdex
Pokémon TCG,Italian,NB Promo,,BWP,,,,2011,2011-04-26,Nero e Bianco,101,0,tcgdex
Pokémon TCG,Italian,McDonald's Collection,,MCD11,,,,2011,2011-06-17,McDonald's Collection,12,0,tcgdex
Pokémon TCG,Italian,Nuove Forze,,EP,,,,2011,2011-08-31,Nero e Bianco,98,98,tcgdex
Pokémon TCG,Italian,Vittorie Regali,,NVI,,,,2011,2011-11-16,Nero e Bianco,101,102,tcgdex
Pokémon TCG,Italian,Destini Futuri,,NXD,,,,2012,2012-02-08,Nero e Bianco,99,103,tcgdex
Pokémon TCG,Italian,Esploratori delle Tenebre,,DEX,,,,2012,2012-05-09,Nero e Bianco,108,111,tcgdex
Pokémon TCG,Italian,McDonald's Collection 2012,,MCD12,,,,2012,2012-06-15,McDonald's Collection,12,0,tcgdex
Pokémon TCG,Italian,Stirpe dei Draghi,,DRX,,,,2012,2012-08-15,Nero e Bianco,124,128,tcgdex
Pokémon TCG,Italian,Tesoro dei Draghi,,DRV,,,,2012,2012-10-05,Nero e Bianco,20,0,tcgdex
Pokémon TCG,Italian,Confini Varcati,,BCR,,,,2012,2012-11-07,Nero e Bianco,149,153,tcgdex
Pokémon TCG,Italian,Uragano Plasma,,PLS,,,,2013,2013-02-06,Nero e Bianco,135,138,tcgdex
Pokémon TCG,Italian,Glaciazione Plasma,,PLF,,,,2013,2013-05-08,Nero e Bianco,116,122,tcgdex
Pokémon TCG,Italian,Esplosione Plasma,,PLB,,,,2013,2013-08-14,Nero e Bianco,101,105,tcgdex
Pokémon TCG,Italian,XY Promo,,XYP,,,,2013,2013-10-12,XY,211,0,tcgdex
Pokémon TCG,Italian,Benvenuti a Kalos,,KSS,,,,2013,2013-11-08,XY,39,39,tcgdex
Pokémon TCG,Italian,Carta Alternatica A Gialla,,xya,,,,2014,2014-02-05,XY,6,0,tcgdex
Pokémon TCG,Italian,XY,,XY,,,,2014,2014-02-05,XY,146,146,tcgdex
Pokémon TCG,Italian,XY trainer Kit (Noivern),,TK6N,,,,2014,2014-03-12,Trainer Kit,30,30,tcgdex
Pokémon TCG,Italian,XY trainer Kit (Sylveon),,TK6S,,,,2014,2014-03-12,Trainer Kit,30,30,tcgdex
Pokémon TCG,Italian,Fuoco Infernale,,FLF,,,,2014,2014-05-07,XY,106,109,tcgdex
Pokémon TCG,Italian,McDonald's Collection 2014,,MCD14,,,,2014,2014-05-23,McDonald's Collection,12,0,tcgdex
Pokémon TCG,Italian,Colpi Furiosi,,FFI,,,,2014,2014-08-13,XY,111,113,tcgdex
Pokémon TCG,Italian,XY trainer Kit (Bisharp),,TK7A,,,,2014,2014-11-01,Trainer Kit,30,30,tcgdex
Pokémon TCG,Italian,XY trainer Kit (Wigglytuff),,TK7B,,,,2014,2014-11-01,Trainer Kit,30,30,tcgdex
Pokémon TCG,Italian,Forze Spettrali,,PHF,,,,2014,2014-11-05,XY,119,122,tcgdex
Pokémon TCG,Italian,Scontro Primordiale,,PRC,,,,2015,2015-02-04,XY,160,164,tcgdex
Pokémon TCG,Italian,XY trainer Kit (Latias),,TK8A,,,,2015,2015-04-29,Trainer Kit,30,30,tcgdex
Pokémon TCG,Italian,XY trainer Kit (Latios),,TK8O,,,,2015,2015-04-29,Trainer Kit,30,30,tcgdex
Pokémon TCG,Italian,Furie Volanti,,ROS,,,,2015,2015-05-06,XY,108,110,tcgdex
Pokémon TCG,Italian,Antiche Origini,,AOR,,,,2015,2015-08-12,XY,98,100,tcgdex
Pokémon TCG,Italian,Turbo Blitz,,BKT,,,,2015,2015-11-04,XY,162,164,tcgdex
Pokémon TCG,Italian,McDonald's Collection 2015,,MCD15,,,,2015,2015-11-27,McDonald's Collection,12,0,tcgdex
Pokémon TCG,Italian,Turbo Crash,,BKP,,,,2016,2016-02-03,XY,122,123,tcgdex
Pokémon TCG,Italian,Generazioni,,GEN,,,,2016,2016-02-22,XY,83,0,tcgdex
Pokémon TCG,Italian,XY trainer Kit (Pikachu Libre),,TK9P,,,,2016,2016-04-27,Trainer Kit,30,30,tcgdex
Pokémon TCG,Italian,XY trainer Kit (Suicune),,TK9S,,,,2016,2016-04-27,Trainer Kit,30,30,tcgdex
Pokémon TCG,Italian,Destini Incrociati,,FCO,,,,2016,2016-05-02,XY,124,125,tcgdex
Pokémon TCG,Italian,Vapori Accesi,,STS,,,,2016,2016-08-03,XY,114,116,tcgdex
Pokémon TCG,Italian,McDonald's Collection 2016,,MCD16,,,,2016,2016-08-20,McDonald's Collection,12,0,tcgdex
Pokémon TCG,Italian,Evoluzioni,,EVO,,,,2016,2016-11-02,XY,108,113,tcgdex
Pokémon TCG,Italian,SL Promo,,SMP,,,,2017,2017-02-03,Sole e Luna,248,240,tcgdex
Pokémon TCG,Italian,Sole e Luna,,SUM,,,,2017,2017-02-03,Sole e Luna,149,163,tcgdex
Pokémon TCG,Italian,Sole e Luna trainer Kit (Alolan Raichu),,TK10A,,,,2017,2017-04-21,Trainer Kit,30,19,tcgdex
Pokémon TCG,Italian,Sole e Luna trainer Kit (Lycanroc),,TK10L,,,,2017,2017-04-21,Trainer Kit,30,18,tcgdex
Pokémon TCG,Italian,Guardiani Nascenti,,GRI,,,,2017,2017-05-05,Sole e Luna,145,169,tcgdex
Pokémon TCG,Italian,McDonald's Collection 2017,,MCD17,,,,2017,2017-08-03,McDonald's Collection,12,0,tcgdex
Pokémon TCG,Italian,Ombre Infuocate,,BUS,,,,2017,2017-08-04,Sole e Luna,147,169,tcgdex
Pokémon TCG,Italian,Leggende Iridescenti,,SLG,,,,2017,2017-10-06,Sole e Luna,73,78,tcgdex
Pokémon TCG,Italian,Invasione Scarlatta,,CIN,,,,2017,2017-11-03,Sole e Luna,111,124,tcgdex
Pokémon TCG,Italian,Ultraprisma,,UPR,,,,2018,2018-02-02,Sole e Luna,156,173,tcgdex
Pokémon TCG,Italian,Apocalisse Di Luce,,FLI,,,,2018,2018-05-04,Sole e Luna,131,146,tcgdex
Pokémon TCG,Italian,Tempesta Astrale,,CES,,,,2018,2018-08-03,Sole e Luna,168,183,tcgdex
Pokémon TCG,Italian,Trionfo Dei Draghi,,DRM,,,,2018,2018-09-07,Sole e Luna,70,78,tcgdex
Pokémon TCG,Italian,McDonald's Collection 2018,,MCD18,,,,2018,2018-10-19,McDonald's Collection,12,0,tcgdex
Pokémon TCG,Italian,Tuoni Perduti,,LOT,,,,2018,2018-11-02,Sole e Luna,214,236,tcgdex
Pokémon TCG,Italian,Gioco di Squadra,,TEU,,,,2019,2019-01-31,Sole e Luna,181,196,tcgdex
Pokémon TCG,Italian,Detective Pikachu,,DET,,,,2019,2019-03-29,Sole e Luna,18,18,tcgdex
Pokémon TCG,Italian,Legami Inossidabili,,UNB,,,,2019,2019-05-03,Sole e Luna,214,234,tcgdex
Pokémon TCG,Italian,Sintonia Mentale,,UNM,,,,2019,2019-08-02,Sole e Luna,236,258,tcgdex
Pokémon TCG,Italian,Destino Sfuggente,,HIF,,,,2019,2019-08-23,Sole e Luna,68,0,tcgdex
Pokémon TCG,Italian,Destino Sfuggente Tesoro Lucente,,sma,,,,2019,2019-08-23,Sole e Luna,94,0,tcgdex
Pokémon TCG,Italian,McDonald's Collection 2019,,MCD19,,,,2019,2019-10-15,McDonald's Collection,12,0,tcgdex
Pokémon TCG,Italian,Eclissi Cosmica,,CEC,,,,2019,2019-11-01,Sole e Luna,236,271,tcgdex
Pokémon TCG,Italian,SPSC Promo,,swshp,,,,2019,2019-11-15,Spada e Scudo,307,301,tcgdex
Pokémon TCG,Italian,Spada e Scudo,,SSH,,,,2020,2020-02-07,Spada e Scudo,202,216,tcgdex
Pokémon TCG,Italian,Fragore Ribelle,,RCL,,,,2020,2020-05-01,Spada e Scudo,192,209,tcgdex
Pokémon TCG,Italian,Fiamme Oscure,,DAA,,,,2020,2020-08-14,Spada e Scudo,189,201,tcgdex
Pokémon TCG,Italian,Futuri Campioni,,CPA,,,,2020,2020-09-25,Spada e Scudo,73,80,tcgdex
Pokémon TCG,Italian,Voltaggio Sfolgorante,,VIV,,,,2020,2020-11-13,Spada e Scudo,185,203,tcgdex
Pokémon TCG,Italian,McDonald's Collection 2021,,MCD21,,,,2021,2021-02-09,McDonald's Collection,25,0,tcgdex
Pokémon TCG,Italian,Destino Splendente,,SHF,,,,2021,2021-02-19,Spada e Scudo,72,73,tcgdex
Pokémon TCG,Italian,Destino Splendente Tesoro Lucente,,SHF:SV,,,,2021,2021-02-19,Spada e Scudo,122,122,tcgdex
Pokémon TCG,Italian,Stili di Lotta,,BST,,,,2021,2021-03-19,Spada e Scudo,163,183,tcgdex
Pokémon TCG,Italian,Regno Glaciale,,CRE,,,,2021,2021-06-18,Spada e Scudo,198,233,tcgdex
Pokémon TCG,Italian,Evoluzioni Eteree,,EVS,,,,2021,2021-08-27,Spada e Scudo,203,237,tcgdex
Pokémon TCG,Italian,Gran Festa,,CEL,,,,2021,2021-10-08,Spada e Scudo,25,25,tcgdex
Pokémon TCG,Italian,Gran Festa Collezione Classica,,CEL:CC,,,,2021,2021-10-08,Spada e Scudo,25,0,tcgdex
Pokémon TCG,Italian,Colpo Fusione,,FST,,,,2021,2021-11-12,Spada e Scudo,264,284,tcgdex
Pokémon TCG,Italian,Astri Lucenti,,BRS,,,,2022,2022-02-25,Spada e Scudo,172,186,tcgdex
Pokémon TCG,Italian,Astri Lucenti Galleria Allenatori,,BRS:TG,,,,2022,2022-02-25,Spada e Scudo,30,30,tcgdex
Pokémon TCG,Italian,Lucentezza Siderale,,ASR,,,,2022,2022-05-27,Spada e Scudo,189,216,tcgdex
Pokémon TCG,Italian,Lucentezza Siderale Galleria Allenatori,,ASR:TG,,,,2022,2022-05-27,Spada e Scudo,30,30,tcgdex
Pokémon TCG,Italian,Pokémon GO,,PGO,,,,2022,2022-07-01,Spada e Scudo,78,88,tcgdex
Pokémon TCG,Italian,McDonald's Collection 2022,,MCD22,,,,2022,2022-08-03,McDonald's Collection,15,15,tcgdex
Pokémon TCG,Italian,Origine Perduta,,LOR,,,,2022,2022-09-09,Spada e Scudo,196,217,tcgdex
Pokémon TCG,Italian,Origine Perduta Galleria Allenatori,,LOR:TG,,,,2022,2022-09-09,Spada e Scudo,30,30,tcgdex
Pokémon TCG,Italian,Tempesta Argentata,,SIT,,,,2022,2022-11-11,Spada e Scudo,195,215,tcgdex
Pokémon TCG,Italian,Tempesta Argentata Galleria Allenatori,,SIT:TG,,,,2022,2022-11-11,Spada e Scudo,30,30,tcgdex
Pokémon TCG,Italian,Zenit Regale,,CRZ,,,,2023,2023-01-20,Spada e Scudo,159,160,tcgdex
Pokémon TCG,Italian,Zenit Regale Galleria di Galar,,CRZ:GG,,,,2023,2023-01-20,Spada e Scudo,70,70,tcgdex
Pokémon TCG,Italian,SVP Black Star Promos,,SVP,,,,2023,2023-03-31,Scarlatto e Violetto,225,216,tcgdex
Pokémon TCG,Italian,Scarlatto e Violetto,,SVI,,,,2023,2023-03-31,Scarlatto e Violetto,198,258,tcgdex
Pokémon TCG,Italian,Scarlatto e Violetto Energia,,SVE,,,,2023,2023-03-31,Scarlatto e Violetto,24,24,tcgdex
Pokémon TCG,Italian,Evoluzioni a Paldea,,PAL,,,,2023,2023-06-09,Scarlatto e Violetto,193,279,tcgdex
Pokémon TCG,Italian,McDonald's Collection 2023,,MCD23,,,,2023,2023-08-01,McDonald's Collection,15,15,tcgdex
Pokémon TCG,Italian,Ossidiana Infuocata,,OBF,,,,2023,2023-08-11,Scarlatto e Violetto,197,230,tcgdex
Pokémon TCG,Italian,151,,MEW,,,,2023,2023-09-22,Scarlatto e Violetto,165,207,tcgdex
Pokémon TCG,Italian,Paradosso Temporale,,PAR,,,,2023,2023-11-03,Scarlatto e Violetto,182,266,tcgdex
Pokémon TCG,Italian,Destino di Paldea,,PAF,,,,2024,2024-01-26,Scarlatto e Violetto,91,245,tcgdex
Pokémon TCG,Italian,Cronoforze,,TEF,,,,2024,2024-03-22,Scarlatto e Violetto,162,218,tcgdex
Pokémon TCG,Italian,Crepuscolo Mascherato,,TWM,,,,2024,2024-05-24,Scarlatto e Violetto,167,226,tcgdex
Pokémon TCG,Italian,Segreto Fiabesco,,SFA,,,,2024,2024-08-02,Scarlatto e Violetto,64,99,tcgdex
Pokémon TCG,Italian,Corona Astrale,,SCR,,,,2024,2024-09-13,Scarlatto e Violetto,142,175,tcgdex
Pokémon TCG,Italian,Geni Supremi,,A1,,,,2024,2024-10-30,Gioco di Carte Collezionabili Pokémon Pocket,226,286,tcgdex
Pokémon TCG,Italian,Promo-A,,P-A,,,,2024,2024-10-30,Gioco di Carte Collezionabili Pokémon Pocket,0,73,tcgdex
Pokémon TCG,Italian,Scintille Folgoranti,,SSP,,,,2024,2024-11-08,Scarlatto e Violetto,191,252,tcgdex
Pokémon TCG,Italian,McDonald's Collection 2024,,MCD24,,,,2024,2024-12-04,McDonald's Collection,15,15,tcgdex
Pokémon TCG,Italian,L'Isola Misteriosa,,A1a,,,,2024,2024-12-17,Gioco di Carte Collezionabili Pokémon Pocket,68,86,tcgdex
Pokémon TCG,Italian,Evoluzioni Prismatiche,,PRE,,,,2025,2025-01-17,Scarlatto e Violetto,131,180,tcgdex
Pokémon TCG,Italian,Scontro Spaziotemporale,,A2,,,,2025,2025-01-30,Gioco di Carte Collezionabili Pokémon Pocket,140,207,tcgdex
Pokémon TCG,Italian,Luce Trionfale,,A2a,,,,2025,2025-02-28,Gioco di Carte Collezionabili Pokémon Pocket,75,96,tcgdex
Pokémon TCG,Italian,Tripudio Splendente,,A2b,,,,2025,2025-03-27,Gioco di Carte Collezionabili Pokémon Pocket,72,111,tcgdex
Pokémon TCG,Italian,Avventure Insieme,,JTG,,,,2025,2025-03-28,Scarlatto e Violetto,159,190,tcgdex
Pokémon TCG,Italian,Guardiani Astrali,,A3,,,,2025,2025-04-30,Gioco di Carte Collezionabili Pokémon Pocket,155,239,tcgdex
Pokémon TCG,Italian,Rivali Predestinati,,DRI,,,,2025,2025-05-30,Scarlatto e Violetto,182,244,tcgdex
Pokémon TCG,Italian,Fuoco Bianco,,WHT,,,,2025,2025-07-17,Scarlatto e Violetto,86,173,tcgdex
Pokémon TCG,Italian,Luce Nera,,BLK,,,,2025,2025-07-17,Scarlatto e Violetto,86,172,tcgdex
Pokémon TCG,Italian,Sorgenti Recondite,,A4a,,,,2025,2025-08-28,Gioco di Carte Collezionabili Pokémon Pocket,71,0,tcgdex
Pokémon TCG,Italian,Megaevoluzione Energia,,MEE,,,,2025,2025-09-25,Megaevoluzione,8,8,tcgdex
Pokémon TCG,Italian,MEP Black Star Promos,,MEP,,,,2025,2025-09-26,Megaevoluzione,0,88,tcgdex
Pokémon TCG,Italian,Megaevoluzione,,MEG,,,,2025,2025-09-26,Megaevoluzione,132,188,tcgdex
Pokémon TCG,Italian,Fiamme Spettrali,,PFL,,,,2025,2025-11-14,Megaevoluzione,94,130,tcgdex
Pokémon TCG,Italian,Fiamme Cremisi,,B1a,,,,2025,2025-12-17,Gioco di Carte Collezionabili Pokémon Pocket,69,0,tcgdex
Pokémon TCG,Italian,Parata Fantasmagorica,,B2,,,,2026,2026-01-29,Gioco di Carte Collezionabili Pokémon Pocket,155,0,tcgdex
Pokémon TCG,Italian,Ascesa Eroica,,ASC,,,,2026,2026-01-30,Megaevoluzione,217,295,tcgdex
Pokémon TCG,Italian,Paldean Wonders,,B2a,,,,2026,2026-02-26,Gioco di Carte Collezionabili Pokémon Pocket,93,129,tcgdex
Pokémon TCG,Italian,Equilibrio Perfetto,,POR,,,,2026,2026-03-27,Megaevoluzione,88,124,tcgdex
Pokémon TCG,Italian,Caos Nascente,,CRI,,,,2026,2026-05-22,Megaevoluzione,86,122,tcgdex
Pokémon TCG,Italian,Buio Pesto,,PBL,,,,2026,2026-07-17,Megaevoluzione,84,120,tcgdex
Pokémon TCG,Japanese,拡張パック,Expansion Pack,PMCG1,,,,1996,1996-10-20,Original Era,102,102,"database.xlsx,tcgdex"
Pokémon TCG,Japanese,ポケモンジャングル,Pokémon Jungle,PMCG2,,,,1997,1997-03-05,Original Era,48,48,"database.xlsx,tcgdex"
Pokémon TCG,Japanese,化石の秘密,Mystery of the Fossils,PMCG3,,,,1997,1997-06-21,Original Era,48,48,"database.xlsx,tcgdex"
Pokémon TCG,Japanese,ロケット団,Team Rocket,PMCG4,,,,1997,1997-11-21,Original Era,65,65,"database.xlsx,tcgdex"
Pokémon TCG,Japanese,Vending Machine Series 1 (Blue),Vending Machine Series 1 (Blue),,,,,1998,1998-03-23,Vending Machine Series,,0,database.xlsx
Pokémon TCG,Japanese,Hanada City Gym Deck,Hanada City Gym Deck,,,,,1998,1998-04-26,Original Era,,0,database.xlsx
Pokémon TCG,Japanese,Nivi City Gym Deck,Nivi City Gym Deck,,,,,1998,1998-04-26,Original Era,,0,database.xlsx
Pokémon TCG,Japanese,Vending Machine Series 2 (Red),Vending Machine Series 2 (Red),,,,,1998,1998-06-17,Vending Machine Series,,0,database.xlsx
Pokémon TCG,Japanese,Kuchiba City Gym Deck,Kuchiba City Gym Deck,,,,,1998,1998-07-25,Original Era,,0,database.xlsx
Pokémon TCG,Japanese,Tamamushi City Gym Deck,Tamamushi City Gym Deck,,,,,1998,1998-07-25,Original Era,,0,database.xlsx
Pokémon TCG,Japanese,リーダーズスタジアム,Leaders' Stadium,PMCG5,,,,1998,1998-10-24,Original Era,96,96,"database.xlsx,tcgdex"
Pokémon TCG,Japanese,Vending Machine Series 3 (Green),Vending Machine Series 3 (Green),,,,,1998,1998-11-24,Vending Machine Series,,0,database.xlsx
Pokémon TCG,Japanese,Quick Starter Gift Set (Green),Quick Starter Gift Set (Green),,,,,1998,1998-12-04,Original Era,,0,database.xlsx
Pokémon TCG,Japanese,Quick Starter Gift Set (Red),Quick Starter Gift Set (Red),,,,,1998,1998-12-04,Original Era,,0,database.xlsx
Pokémon TCG,Japanese,Guren Town Gym Deck,Guren Town Gym Deck,,,,,1999,1999-02-26,Original Era,,0,database.xlsx
Pokémon TCG,Japanese,Yamabuki City Gym Deck,Yamabuki City Gym Deck,,,,,1999,1999-02-26,Original Era,,0,database.xlsx
Pokémon TCG,Japanese,闇からの挑戦,Challenge from the Darkness,PMCG6,,,,1999,1999-06-25,Original Era,98,98,"database.xlsx,tcgdex"
Pokémon TCG,Japanese,Southern Islands,Southern Islands,,,,,1999,1999-07-17,Other,,0,database.xlsx
Pokémon TCG,Japanese,Intro Pack (Bulbasaur),Intro Pack (Bulbasaur),,,,,1999,1999-07-30,Original Era,,0,database.xlsx
Pokémon TCG,Japanese,Intro Pack (Squirtle),Intro Pack (Squirtle),,,,,1999,1999-07-30,Original Era,,0,database.xlsx
Pokémon TCG,Japanese,"Gold, Silver, to a New World...","Gold, Silver, to a New World...",,,,,1999,1999-12-10,Neo Era,,0,database.xlsx
Pokémon TCG,Japanese,Neo Premium File 1,Neo Premium File 1,,,,,1999,1999-12-10,Neo Era,,0,database.xlsx
Pokémon TCG,Japanese,金、銀、新世界へ...,,neo1,,,,2000,2000-02-04,ポケモンカード★neo,96,96,tcgdex
Pokémon TCG,Japanese,Crossing the Ruins...,Crossing the Ruins...,,,,,2000,2000-07-07,Neo Era,,0,database.xlsx
Pokémon TCG,Japanese,Neo Premium File 2,Neo Premium File 2,,,,,2000,2000-07-07,Neo Era,,0,database.xlsx
Pokémon TCG,Japanese,遺跡をこえて...,,neo2,,,,2000,2000-07-07,ポケモンカード★neo,56,57,tcgdex
Pokémon TCG,Japanese,Awakening Legends,Awakening Legends,,,,,2000,2000-11-23,Neo Era,,0,database.xlsx
Pokémon TCG,Japanese,Neo Premium File 3,Neo Premium File 3,,,,,2000,2000-11-23,Neo Era,,0,database.xlsx
Pokémon TCG,Japanese,めざめる伝説,,neo3,,,,2000,2000-11-23,ポケモンカード★neo,57,57,tcgdex
Pokémon TCG,Japanese,"Darkness, and to Light...","Darkness, and to Light...",,,,,2001,2001-03-09,Neo Era,,0,database.xlsx
Pokémon TCG,Japanese,Intro Pack Neo (Chikorita),Intro Pack Neo (Chikorita),,,,,2001,2001-04-06,Neo Era,,0,database.xlsx
Pokémon TCG,Japanese,Intro Pack Neo (Totodile),Intro Pack Neo (Totodile),,,,,2001,2001-04-06,Neo Era,,0,database.xlsx
Pokémon TCG,Japanese,闇、そして光へ...,,neo4,,,,2001,2001-04-20,ポケモンカード★neo,113,113,tcgdex
Pokémon TCG,Japanese,P Promos,P Promos,,,,,2001,2001-07-01,e-Card Era,,0,database.xlsx
Pokémon TCG,Japanese,ポケモンカード★VS,,VS1,,,,2001,2001-07-19,VS,141,143,tcgdex
Pokémon TCG,Japanese,J Promos,J Promos,,,,,2001,2001-08-01,e-Card Era,,0,database.xlsx
Pokémon TCG,Japanese,Pokémon VS,Pokémon VS,,,,,2001,2001-08-19,VS Era,,0,database.xlsx
Pokémon TCG,Japanese,ポケモンカード★web,Pokémon Web,web1,,,,2001,2001-10-20,Web Era,48,47,"database.xlsx,tcgdex"
Pokémon TCG,Japanese,Base Expansion Pack,Base Expansion Pack,,,,,2001,2001-12-01,e-Card Era,,0,database.xlsx
Pokémon TCG,Japanese,Pokémon-e Starter Deck,Pokémon-e Starter Deck,,,,,2001,2001-12-01,e-Card Era,,0,database.xlsx
Pokémon TCG,Japanese,基本拡張パック,,E1,,,,2001,2001-12-01,ポケモンカードe,128,128,tcgdex
Pokémon TCG,Japanese,T Promos,T Promos,,,,,2002,2002-01-01,Other,,0,database.xlsx
Pokémon TCG,Japanese,McDonald's Pokémon-e Minimum Pack,McDonald's Pokémon-e Minimum Pack,,,,,2002,2002-01-26,Other,,0,database.xlsx
Pokémon TCG,Japanese,地図にない町,The Town on No Map,E2,,,,2002,2002-03-08,e-Card Era,92,92,"database.xlsx,tcgdex"
Pokémon TCG,Japanese,海からの風,Wind from the Sea,E3,,,,2002,2002-05-24,e-Card Era,87,90,"database.xlsx,tcgdex"
Pokémon TCG,Japanese,Theater Limited VS Pack,Theater Limited VS Pack,,,,,2002,2002-07-13,Movie Commemorations,,0,database.xlsx
Pokémon TCG,Japanese,Split Earth,Split Earth,,,,,2002,2002-08-01,e-Card Era,,0,database.xlsx
Pokémon TCG,Japanese,裂けた大地,,E4,,,,2002,2002-08-23,ポケモンカードe,88,91,tcgdex
Pokémon TCG,Japanese,神秘なる山,Mysterious Mountains,E5,,,,2002,2002-10-04,e-Card Era,88,91,"database.xlsx,tcgdex"
Pokémon TCG,Japanese,ADV Promos,ADV Promos,,,,,2003,2003-01-01,ADV Era,,0,database.xlsx
Pokémon TCG,Japanese,PLAY Promos,PLAY Promos,,,,,2003,2003-01-01,Other,,0,database.xlsx
Pokémon TCG,Japanese,ADV Expansion Pack,ADV Expansion Pack,,,,,2003,2003-01-31,ADV Era,,0,database.xlsx
Pokémon TCG,Japanese,Mudkip Constructed Starter Deck,Mudkip Constructed Starter Deck,,,,,2003,2003-01-31,ADV Era,,0,database.xlsx
Pokémon TCG,Japanese,Torchic Constructed Starter Deck,Torchic Constructed Starter Deck,,,,,2003,2003-01-31,ADV Era,,0,database.xlsx
Pokémon TCG,Japanese,Treecko Constructed Starter Deck,Treecko Constructed Starter Deck,,,,,2003,2003-01-31,ADV Era,,0,database.xlsx
Pokémon TCG,Japanese,拡張パック,,ADV1,,,,2003,2003-01-31,ADV,55,0,tcgdex
Pokémon TCG,Japanese,砂漠のきせき,Miracle of the Desert,ADV2,,,,2003,2003-04-18,ADV Era,53,0,"database.xlsx,tcgdex"
Pokémon TCG,Japanese,Flygon Constructed Starter Deck,Flygon Constructed Starter Deck,,,,,2003,2003-06-25,ADV Era,,0,database.xlsx
Pokémon TCG,Japanese,Rulers of the Heavens,Rulers of the Heavens,,,,,2003,2003-06-25,ADV Era,,0,database.xlsx
Pokémon TCG,Japanese,Salamence Constructed Starter Deck,Salamence Constructed Starter Deck,,,,,2003,2003-06-25,ADV Era,,0,database.xlsx
Pokémon TCG,Japanese,天空の覇者,,ADV3,,,,2003,2003-06-25,ADV,54,0,tcgdex
Pokémon TCG,Japanese,Movie Commemoration VS Pack,Movie Commemoration VS Pack,,,,,2003,2003-07-19,Movie Commemorations,,0,database.xlsx
Pokémon TCG,Japanese,Aqua Deck Kit,Aqua Deck Kit,,,,,2003,2003-10-24,ADV Era,,0,database.xlsx
Pokémon TCG,Japanese,Magma Deck Kit,Magma Deck Kit,,,,,2003,2003-10-24,ADV Era,,0,database.xlsx
Pokémon TCG,Japanese,Magma vs Aqua: Two Ambitions,Magma vs Aqua: Two Ambitions,,,,,2003,2003-10-24,ADV Era,,0,database.xlsx
Pokémon TCG,Japanese,強化拡張パックex1マグマVSアクア ふたつの野望,,ADV4,,,,2003,2003-10-24,ADV,80,0,tcgdex
Pokémon TCG,Japanese,Gift Box (Latias),Gift Box (Latias),,,,,2003,2003-11-17,ADV Era,,0,database.xlsx
Pokémon TCG,Japanese,Gift Box (Latios),Gift Box (Latios),,,,,2003,2003-11-17,ADV Era,,0,database.xlsx
Pokémon TCG,Japanese,Metagross Constructed Starter Deck,Metagross Constructed Starter Deck,,,,,2004,2004-01-16,ADV Era,,0,database.xlsx
Pokémon TCG,Japanese,Undone Seal,Undone Seal,,,,,2004,2004-01-16,ADV Era,,0,database.xlsx
Pokémon TCG,Japanese,とかれた封印,,ADV5,,,,2004,2004-01-16,ADV,83,0,tcgdex
Pokémon TCG,Japanese,PCG Promos,PCG Promos,,,,,2004,2004-02-01,PCG Era,,0,database.xlsx
Pokémon TCG,Japanese,"Venusaur, Charizard & Blastoise Random Constructed Starter Decks","Venusaur, Charizard & Blastoise Random Constructed Starter Decks",,,,,2004,2004-03-19,PCG Era,,0,database.xlsx
Pokémon TCG,Japanese,伝説の飛翔,Flight of Legends,PCG1,,,,2004,2004-04-09,PCG Era,82,82,"database.xlsx,tcgdex"
Pokémon TCG,Japanese,Clash of the Blue Sky,Clash of the Blue Sky,,,,,2004,2004-07-01,PCG Era,,0,database.xlsx
Pokémon TCG,Japanese,Deoxys Constructed Starter Deck,Deoxys Constructed Starter Deck,,,,,2004,2004-07-01,PCG Era,,0,database.xlsx
Pokémon TCG,Japanese,Rayquaza Constructed Starter Deck,Rayquaza Constructed Starter Deck,,,,,2004,2004-07-01,PCG Era,,0,database.xlsx
Pokémon TCG,Japanese,蒼空の激突,,PCG2,,,,2004,2004-07-01,PCG,82,82,tcgdex
Pokémon TCG,Japanese,Movie Commemoration VS Pack: Sky-Splitting Deoxys,Movie Commemoration VS Pack: Sky-Splitting Deoxys,,,,,2004,2004-07-17,Movie Commemorations,,0,database.xlsx
Pokémon TCG,Japanese,Black Deck Kit,Black Deck Kit,,,,,2004,2004-10-15,PCG Era,,0,database.xlsx
Pokémon TCG,Japanese,Silver Deck Kit,Silver Deck Kit,,,,,2004,2004-10-15,PCG Era,,0,database.xlsx
Pokémon TCG,Japanese,Team Rocket Strikes Back,Team Rocket Strikes Back,,,,,2004,2004-10-15,PCG Era,,0,database.xlsx
Pokémon TCG,Japanese,ロケット団の逆襲,,PCG3,,,,2004,2004-10-15,PCG,84,85,tcgdex
Pokémon TCG,Japanese,Emerald Gift Box (Deoxys),Emerald Gift Box (Deoxys),,,,,2004,2004-11-19,PCG Era,,0,database.xlsx
Pokémon TCG,Japanese,Emerald Gift Box (Rayquaza),Emerald Gift Box (Rayquaza),,,,,2004,2004-11-19,PCG Era,,0,database.xlsx
Pokémon TCG,Japanese,Fighting Quick Construction Pack,Fighting Quick Construction Pack,,,,,2005,2005-01-16,PCG Era,,0,database.xlsx
Pokémon TCG,Japanese,Fire Quick Construction Pack,Fire Quick Construction Pack,,,,,2005,2005-01-16,PCG Era,,0,database.xlsx
Pokémon TCG,Japanese,Grass Quick Construction Pack,Grass Quick Construction Pack,,,,,2005,2005-01-16,PCG Era,,0,database.xlsx
Pokémon TCG,Japanese,Lightning Quick Construction Pack,Lightning Quick Construction Pack,,,,,2005,2005-01-16,PCG Era,,0,database.xlsx
Pokémon TCG,Japanese,Psychic Quick Construction Pack,Psychic Quick Construction Pack,,,,,2005,2005-01-16,PCG Era,,0,database.xlsx
Pokémon TCG,Japanese,Water Quick Construction Pack,Water Quick Construction Pack,,,,,2005,2005-01-16,PCG Era,,0,database.xlsx
Pokémon TCG,Japanese,Feraligatr Constructed Starter Deck,Feraligatr Constructed Starter Deck,,,,,2005,2005-03-05,PCG Era,,0,database.xlsx
Pokémon TCG,Japanese,Meganium Constructed Starter Deck,Meganium Constructed Starter Deck,,,,,2005,2005-03-05,PCG Era,,0,database.xlsx
Pokémon TCG,Japanese,Typhlosion Constructed Starter Deck,Typhlosion Constructed Starter Deck,,,,,2005,2005-03-05,PCG Era,,0,database.xlsx
Pokémon TCG,Japanese,PokéPark Blue,PokéPark Blue,,,,,2005,2005-03-18,Other,,0,database.xlsx
Pokémon TCG,Japanese,PokéPark Forest,PokéPark Forest,,,,,2005,2005-03-18,Other,,0,database.xlsx
Pokémon TCG,Japanese,金の空、銀の海,"Golden Sky, Silvery Ocean",PCG4,,,,2005,2005-04-08,PCG Era,106,106,"database.xlsx,tcgdex"
Pokémon TCG,Japanese,Mirage Forest,Mirage Forest,,,,,2005,2005-06-30,PCG Era,,0,database.xlsx
Pokémon TCG,Japanese,Mirage's Mew Constructed Starter Deck,Mirage's Mew Constructed Starter Deck,,,,,2005,2005-06-30,PCG Era,,0,database.xlsx
Pokémon TCG,Japanese,まぼろしの森,,PCG5,,,,2005,2005-06-30,PCG,86,86,tcgdex
Pokémon TCG,Japanese,Master Kit (Bulbasaur),Master Kit (Bulbasaur),,,,,2005,2005-07-15,PCG Era,,0,database.xlsx
Pokémon TCG,Japanese,Master Kit (Side Deck),Master Kit (Side Deck),,,,,2005,2005-07-15,PCG Era,,0,database.xlsx
Pokémon TCG,Japanese,Master Kit (Torchic),Master Kit (Torchic),,,,,2005,2005-07-15,PCG Era,,0,database.xlsx
Pokémon TCG,Japanese,Movie Commemoration VS Pack: Aura's Lucario,Movie Commemoration VS Pack: Aura's Lucario,,,,,2005,2005-07-16,Movie Commemorations,,0,database.xlsx
Pokémon TCG,Japanese,Holon Research Tower Fire Quarter Deck,Holon Research Tower Fire Quarter Deck,,,,,2005,2005-09-30,PCG Era,,0,database.xlsx
Pokémon TCG,Japanese,Holon Research Tower Lightning Quarter Deck,Holon Research Tower Lightning Quarter Deck,,,,,2005,2005-09-30,PCG Era,,0,database.xlsx
Pokémon TCG,Japanese,Holon Research Tower Water Quarter Deck,Holon Research Tower Water Quarter Deck,,,,,2005,2005-09-30,PCG Era,,0,database.xlsx
Pokémon TCG,Japanese,ホロンの研究塔,Holon Research Tower,PCG6,,,,2005,2005-10-28,PCG Era,86,86,"database.xlsx,tcgdex"
Pokémon TCG,Japanese,Mew • Lucario Gift Box (Crawdaunt),Mew • Lucario Gift Box (Crawdaunt),,,,,2005,2005-11-16,PCG Era,,0,database.xlsx
Pokémon TCG,Japanese,Mew • Lucario Gift Box (Lucario),Mew • Lucario Gift Box (Lucario),,,,,2005,2005-11-16,PCG Era,,0,database.xlsx
Pokémon TCG,Japanese,Mew • Lucario Gift Box (Mew),Mew • Lucario Gift Box (Mew),,,,,2005,2005-11-16,PCG Era,,0,database.xlsx
Pokémon TCG,Japanese,Mew • Lucario Gift Box (Mightyena),Mew • Lucario Gift Box (Mightyena),,,,,2005,2005-11-16,PCG Era,,0,database.xlsx
Pokémon TCG,Japanese,Mew • Lucario Gift Box (Pokémon ☆),Mew • Lucario Gift Box (Pokémon ☆),,,,,2005,2005-11-16,PCG Era,,0,database.xlsx
Pokémon TCG,Japanese,ホロンの幻影,Holon Phantom,PCG7,,,,2006,2006-01-27,PCG Era,52,52,"database.xlsx,tcgdex"
Pokémon TCG,Japanese,Earth's Groudon ex Constructed Starter Deck,Earth's Groudon ex Constructed Starter Deck,,,,,2006,2006-03-03,PCG Era,,0,database.xlsx
Pokémon TCG,Japanese,Ocean's Kyogre ex Constructed Starter Deck,Ocean's Kyogre ex Constructed Starter Deck,,,,,2006,2006-03-03,PCG Era,,0,database.xlsx
Pokémon TCG,Japanese,きせきの結晶,Miracle Crystal,PCG8,,,,2006,2006-03-10,PCG Era,75,75,"database.xlsx,tcgdex"
Pokémon TCG,Japanese,Imprison! Gardevoir ex Constructed Standard Deck,Imprison! Gardevoir ex Constructed Standard Deck,,,,,2006,2006-06-29,PCG Era,,0,database.xlsx
Pokémon TCG,Japanese,Offense and Defense of the Furthest Ends,Offense and Defense of the Furthest Ends,,,,,2006,2006-06-29,PCG Era,,0,database.xlsx
Pokémon TCG,Japanese,Shockwave! Tyranitar ex Constructed Standard Deck,Shockwave! Tyranitar ex Constructed Standard Deck,,,,,2006,2006-06-29,PCG Era,,0,database.xlsx
Pokémon TCG,Japanese,さいはての攻防,,PCG9,,,,2006,2006-06-29,PCG,68,68,tcgdex
Pokémon TCG,Japanese,Movie Commemoration VS Pack: Sea's Manaphy,Movie Commemoration VS Pack: Sea's Manaphy,,,,,2006,2006-07-15,Movie Commemorations,,0,database.xlsx
Pokémon TCG,Japanese,Entry Pack,Entry Pack,,,,,2006,2006-10-27,Diamond & Pearl Era,,0,database.xlsx
Pokémon TCG,Japanese,Space-Time Creation,Space-Time Creation,DP1,,,,2006,2006-11-30,Diamond & Pearl Era,,0,database.xlsx
Pokémon TCG,Japanese,Diamond & Pearl Promos,Diamond & Pearl Promos,DPP,,,,2006,2006-12-01,Diamond & Pearl Era,,0,database.xlsx
Pokémon TCG,Japanese,10th Movie Commemoration Set,10th Movie Commemoration Set,,,,,2007,2007-01-14,Movie Commemorations,,0,database.xlsx
Pokémon TCG,Japanese,Bastiodon the Defender Constructed Half Deck,Bastiodon the Defender Constructed Half Deck,,,,,2007,2007-03-02,Diamond & Pearl Era,,0,database.xlsx
Pokémon TCG,Japanese,Rampardos the Attacker Constructed Half Deck,Rampardos the Attacker Constructed Half Deck,,,,,2007,2007-03-02,Diamond & Pearl Era,,0,database.xlsx
Pokémon TCG,Japanese,Secret of the Lakes,Secret of the Lakes,DP2,,,,2007,2007-03-02,Diamond & Pearl Era,,0,database.xlsx
Pokémon TCG,Japanese,PPP Promos,PPP Promos,PPP,,,,2007,2007-05-01,Other,,0,database.xlsx
Pokémon TCG,Japanese,Dialga LV.X Constructed Standard Deck,Dialga LV.X Constructed Standard Deck,,,,,2007,2007-07-05,Diamond & Pearl Era,,0,database.xlsx
Pokémon TCG,Japanese,Palkia LV.X Constructed Standard Deck,Palkia LV.X Constructed Standard Deck,,,,,2007,2007-07-05,Diamond & Pearl Era,,0,database.xlsx
Pokémon TCG,Japanese,Shining Darkness,Shining Darkness,DP3,,,,2007,2007-07-05,Diamond & Pearl Era,,0,database.xlsx
Pokémon TCG,Japanese,World Champions Pack,World Champions Pack,,,,,2007,2007-07-05,PCG Era,,0,database.xlsx
Pokémon TCG,Japanese,ワールドチャンピオンズパック,,PCG10,,,,2007,2007-07-05,PCG,108,0,tcgdex
Pokémon TCG,Japanese,Dawn Dash,Dawn Dash,DP4,,,,2007,2007-10-26,Diamond & Pearl Era,,0,database.xlsx
Pokémon TCG,Japanese,Magmortar vs Electivire Deck Kit,Magmortar vs Electivire Deck Kit,,,,,2007,2007-10-26,Diamond & Pearl Era,,0,database.xlsx
Pokémon TCG,Japanese,Magmortar vs Electivire Deck Kit (Electivire),Magmortar vs Electivire Deck Kit (Electivire),,,,,2007,2007-10-26,Diamond & Pearl Era,,0,database.xlsx
Pokémon TCG,Japanese,Magmortar vs Electivire Deck Kit (Magmortar),Magmortar vs Electivire Deck Kit (Magmortar),,,,,2007,2007-10-26,Diamond & Pearl Era,,0,database.xlsx
Pokémon TCG,Japanese,Moonlit Pursuit,Moonlit Pursuit,DP4,,,,2007,2007-10-26,Diamond & Pearl Era,,0,database.xlsx
Pokémon TCG,Japanese,Entry Pack '08,Entry Pack '08,,,,,2007,2007-11-30,Diamond & Pearl Era,,0,database.xlsx
Pokémon TCG,Japanese,Cry from the Mysterious,Cry from the Mysterious,DP5,,,,2008,2008-03-14,Diamond & Pearl Era,,0,database.xlsx
Pokémon TCG,Japanese,Heatran vs Regigigas Deck Kit,Heatran vs Regigigas Deck Kit,,,,,2008,2008-03-14,Diamond & Pearl Era,,0,database.xlsx
Pokémon TCG,Japanese,Heatran vs Regigigas Deck Kit (Heatran),Heatran vs Regigigas Deck Kit (Heatran),,,,,2008,2008-03-14,Diamond & Pearl Era,,0,database.xlsx
Pokémon TCG,Japanese,Heatran vs Regigigas Deck Kit (Regigigas),Heatran vs Regigigas Deck Kit (Regigigas),,,,,2008,2008-03-14,Diamond & Pearl Era,,0,database.xlsx
Pokémon TCG,Japanese,Temple of Anger,Temple of Anger,DP5,,,,2008,2008-03-14,Diamond & Pearl Era,,0,database.xlsx
Pokémon TCG,Japanese,Giratina vs Dialga Deck Kit (Dialga),Giratina vs Dialga Deck Kit (Dialga),,,,,2008,2008-07-10,Diamond & Pearl Era,,0,database.xlsx
Pokémon TCG,Japanese,Giratina vs Dialga Deck Kit (Giratina),Giratina vs Dialga Deck Kit (Giratina),,,,,2008,2008-07-10,Diamond & Pearl Era,,0,database.xlsx
Pokémon TCG,Japanese,Intense Fight in the Destroyed Sky,Intense Fight in the Destroyed Sky,DPS,,,,2008,2008-07-10,Diamond & Pearl Era,,0,database.xlsx
Pokémon TCG,Japanese,11th Movie Commemoration Set,11th Movie Commemoration Set,,,,,2008,2008-07-19,Movie Commemorations,,0,database.xlsx
Pokémon TCG,Japanese,Platinum Promos,Platinum Promos,DPtP,,,,2008,2008-10-01,Platinum Era,,0,database.xlsx
Pokémon TCG,Japanese,DPt Entry Pack (Dialga),DPt Entry Pack (Dialga),,,,,2008,2008-10-10,Platinum Era,,0,database.xlsx
Pokémon TCG,Japanese,DPt Entry Pack (Giratina),DPt Entry Pack (Giratina),,,,,2008,2008-10-10,Platinum Era,,0,database.xlsx
Pokémon TCG,Japanese,DPt Entry Pack (Palkia),DPt Entry Pack (Palkia),,,,,2008,2008-10-10,Platinum Era,,0,database.xlsx
Pokémon TCG,Japanese,Galactic's Conquest,Galactic's Conquest,DPt1,,,,2008,2008-10-10,Platinum Era,,0,database.xlsx
Pokémon TCG,Japanese,DPt Gift Box (Chimchar),DPt Gift Box (Chimchar),Pt,,,,2008,2008-11-20,Platinum Era,,0,database.xlsx
Pokémon TCG,Japanese,DPt Gift Box (Pikachu),DPt Gift Box (Pikachu),Pt,,,,2008,2008-11-20,Platinum Era,,0,database.xlsx
Pokémon TCG,Japanese,DPt Gift Box (Piplup),DPt Gift Box (Piplup),Pt,,,,2008,2008-11-20,Platinum Era,,0,database.xlsx
Pokémon TCG,Japanese,DPt Gift Box (Turtwig),DPt Gift Box (Turtwig),Pt,,,,2008,2008-11-20,Platinum Era,,0,database.xlsx
Pokémon TCG,Japanese,Bonds to the End of Time,Bonds to the End of Time,DPt2,,,,2008,2008-12-26,Platinum Era,,0,database.xlsx
Pokémon TCG,Japanese,Infernape vs Gallade SP Deck Kit (Gallade),Infernape vs Gallade SP Deck Kit (Gallade),Pt,,,,2008,2008-12-26,Platinum Era,,0,database.xlsx
Pokémon TCG,Japanese,Infernape vs Gallade SP Deck Kit (Infernape),Infernape vs Gallade SP Deck Kit (Infernape),Pt,,,,2008,2008-12-26,Platinum Era,,0,database.xlsx
Pokémon TCG,Japanese,Beat of the Frontier,Beat of the Frontier,DPt3,,,,2009,2009-03-06,Platinum Era,,0,database.xlsx
Pokémon TCG,Japanese,Garchomp vs Charizard SP Deck Kit (Charizard),Garchomp vs Charizard SP Deck Kit (Charizard),,,,,2009,2009-03-06,Platinum Era,,0,database.xlsx
Pokémon TCG,Japanese,Garchomp vs Charizard SP Deck Kit (Garchomp),Garchomp vs Charizard SP Deck Kit (Garchomp),,,,,2009,2009-03-06,Platinum Era,,0,database.xlsx
Pokémon TCG,Japanese,Mewtwo LV.X Collection Pack,Mewtwo LV.X Collection Pack,DPtM,,,,2009,2009-04-18,Platinum Era,,0,database.xlsx
Pokémon TCG,Japanese,Regigigas LV.X Collection Pack,Regigigas LV.X Collection Pack,DPtR,,,,2009,2009-04-18,Platinum Era,,0,database.xlsx
Pokémon TCG,Japanese,Shaymin LV.X Collection Pack,Shaymin LV.X Collection Pack,DPtS,,,,2009,2009-04-18,Platinum Era,,0,database.xlsx
Pokémon TCG,Japanese,Advent of Arceus,Advent of Arceus,DPt4,,,,2009,2009-07-08,Platinum Era,,0,database.xlsx
Pokémon TCG,Japanese,Arceus LV.X Deck: Grass & Fire,Arceus LV.X Deck: Grass & Fire,DPt4-Sgf,,,,2009,2009-07-08,Platinum Era,,0,database.xlsx
Pokémon TCG,Japanese,Arceus LV.X Deck: Lightning & Psychic,Arceus LV.X Deck: Lightning & Psychic,DPt4-Slp,,,,2009,2009-07-08,Platinum Era,,0,database.xlsx
Pokémon TCG,Japanese,Melee! Pokémon Scramble,Melee! Pokémon Scramble,,,,,2009,2009-07-10,Other,,0,database.xlsx
Pokémon TCG,Japanese,Movie Commemoration Random Pack,Movie Commemoration Random Pack,,,,,2009,2009-07-18,Movie Commemorations,,0,database.xlsx
Pokémon TCG,Japanese,LEGEND Promos,LEGEND Promos,LP,,,,2009,2009-09-01,LEGEND Era,,0,database.xlsx
Pokémon TCG,Japanese,2009 Energies,2009 Energies,EN09,,,,2009,2009-10-09,Unnumbered Energies,,0,database.xlsx
Pokémon TCG,Japanese,HeartGold Collection,HeartGold Collection,L1-Bhg,,,,2009,2009-10-09,LEGEND Era,,0,database.xlsx
Pokémon TCG,Japanese,SoulSilver Collection,SoulSilver Collection,L1-Bss,,,,2009,2009-10-09,LEGEND Era,,0,database.xlsx
Pokémon TCG,Japanese,ソウルシルバーコレクション,,L1b,,,,2009,2009-10-09,LEGEND,70,0,tcgdex
Pokémon TCG,Japanese,ハートゴールドコレクション,,L1a,,,,2009,2009-10-09,LEGEND,70,0,tcgdex
Pokémon TCG,Japanese,Battle Starter Deck (Blastoise),Battle Starter Deck (Blastoise),B,,,,2009,2009-11-20,LEGEND Era,,0,database.xlsx
Pokémon TCG,Japanese,Battle Starter Deck (Magmortar),Battle Starter Deck (Magmortar),B,,,,2009,2009-11-20,LEGEND Era,,0,database.xlsx
Pokémon TCG,Japanese,Battle Starter Deck (Raichu),Battle Starter Deck (Raichu),B,,,,2009,2009-11-20,LEGEND Era,,0,database.xlsx
Pokémon TCG,Japanese,Battle Starter Deck (Torterra),Battle Starter Deck (Torterra),B,,,,2009,2009-11-20,LEGEND Era,,0,database.xlsx
Pokémon TCG,Japanese,Leafeon vs Metagross Expert Deck (Leafeon),Leafeon vs Metagross Expert Deck (Leafeon),E,,,,2009,2009-11-20,LEGEND Era,,0,database.xlsx
Pokémon TCG,Japanese,Leafeon vs Metagross Expert Deck (Metagross),Leafeon vs Metagross Expert Deck (Metagross),E,,,,2009,2009-11-20,LEGEND Era,,0,database.xlsx
Pokémon TCG,Japanese,Steelix Constructed Standard Deck,Steelix Constructed Standard Deck,L2,,,,2010,2010-02-11,LEGEND Era,,0,database.xlsx
Pokémon TCG,Japanese,Tyranitar Constructed Standard Deck,Tyranitar Constructed Standard Deck,L2,,,,2010,2010-02-11,LEGEND Era,,0,database.xlsx
Pokémon TCG,Japanese,よみがえる伝説,Reviving Legends,L2,,,,2010,2010-02-11,LEGEND Era,70,0,"database.xlsx,tcgdex"
Pokémon TCG,Japanese,強化パック ロストリンク,Lost Link,LL,,,,2010,2010-04-16,LEGEND Era,40,0,"database.xlsx,tcgdex"
Pokémon TCG,Japanese,Pikachu World Collection,Pikachu World Collection,PW,,,,2010,2010-07-08,Other,,0,database.xlsx
Pokémon TCG,Japanese,頂上大激突,Clash at the Summit,L3,,,,2010,2010-07-08,LEGEND Era,70,0,"database.xlsx,tcgdex"
Pokémon TCG,Japanese,Journey Partners,Journey Partners,CS1,,,,2010,2010-09-18,Black & White Era,,0,database.xlsx
Pokémon TCG,Japanese,Beginning Set,Beginning Set,HS,,,,2010,2010-10-29,Black & White Era,,0,database.xlsx
Pokémon TCG,Japanese,Black & White Promos,Black & White Promos,BWP,,,,2010,2010-12-01,Black & White Era,,0,database.xlsx
Pokémon TCG,Japanese,Black Collection,Black Collection,BW1-Bb,,,,2010,2010-12-17,Black & White Era,,0,database.xlsx
Pokémon TCG,Japanese,White Collection,White Collection,BW1-Bw,,,,2010,2010-12-17,Black & White Era,,0,database.xlsx
Pokémon TCG,Japanese,Cobalion Battle Strength Deck,Cobalion Battle Strength Deck,BKc,,,,2011,2011-03-18,Black & White Era,,0,database.xlsx
Pokémon TCG,Japanese,Terrakion Battle Strength Deck,Terrakion Battle Strength Deck,BKt,,,,2011,2011-03-18,Black & White Era,,0,database.xlsx
Pokémon TCG,Japanese,Virizion Battle Strength Deck,Virizion Battle Strength Deck,BKv,,,,2011,2011-03-18,Black & White Era,,0,database.xlsx
Pokémon TCG,Japanese,Victini Battle Theme Deck,Victini Battle Theme Deck,BTV,,,,2011,2011-06-17,Black & White Era,,0,database.xlsx
Pokémon TCG,Japanese,Red Collection,Red Collection,BW2,,,,2011,2011-07-15,Black & White Era,,0,database.xlsx
Pokémon TCG,Japanese,Beginning Set +,Beginning Set +,HS,,,,2011,2011-08-05,Black & White Era,,0,database.xlsx
Pokémon TCG,Japanese,Hail Blizzard,Hail Blizzard,BW3-Bh,,,,2011,2011-09-16,Black & White Era,,0,database.xlsx
Pokémon TCG,Japanese,Psycho Drive,Psycho Drive,BW3-Bp,,,,2011,2011-09-16,Black & White Era,,0,database.xlsx
Pokémon TCG,Japanese,Reshiram-EX Battle Strength Deck,Reshiram-EX Battle Strength Deck,BKR,,,,2011,2011-10-21,Black & White Era,,0,database.xlsx
Pokémon TCG,Japanese,Zekrom-EX Battle Strength Deck,Zekrom-EX Battle Strength Deck,BKZ,,,,2011,2011-10-21,Black & White Era,,0,database.xlsx
Pokémon TCG,Japanese,Beginning Set Pikachu,Beginning Set Pikachu,HSP,,,,2011,2011-11-18,Black & White Era,,0,database.xlsx
Pokémon TCG,Japanese,Thundurus vs Tornadus Battle Gift Set,Thundurus vs Tornadus Battle Gift Set,BGS,,,,2011,2011-11-18,Black & White Era,,0,database.xlsx
Pokémon TCG,Japanese,Dark Rush,Dark Rush,BW4,,,,2011,2011-12-16,Black & White Era,,0,database.xlsx
Pokémon TCG,Japanese,Dragon Selection,Dragon Selection,DS,,,,2012,2012-01-27,Black & White Era,,0,database.xlsx
Pokémon TCG,Japanese,Dragon Blade,Dragon Blade,BW5-Brn,,,,2012,2012-03-16,Black & White Era,,0,database.xlsx
Pokémon TCG,Japanese,Dragon Blast,Dragon Blast,BW5-Brz,,,,2012,2012-03-16,Black & White Era,,0,database.xlsx
Pokémon TCG,Japanese,Garchomp Half Deck,Garchomp Half Deck,GBR,,,,2012,2012-03-16,Black & White Era,,0,database.xlsx
Pokémon TCG,Japanese,Hydreigon Half Deck,Hydreigon Half Deck,SZD,,,,2012,2012-03-16,Black & White Era,,0,database.xlsx
Pokémon TCG,Japanese,Keldeo Battle Strength Deck,Keldeo Battle Strength Deck,KLD,,,,2012,2012-04-20,Black & White Era,,0,database.xlsx
Pokémon TCG,Japanese,National Beginning Set,National Beginning Set,HSZ,,,,2012,2012-04-20,Black & White Era,,0,database.xlsx
Pokémon TCG,Japanese,Cold Flare,Cold Flare,BW6-Bc,,,,2012,2012-07-13,Black & White Era,,0,database.xlsx
Pokémon TCG,Japanese,Freeze Bolt,Freeze Bolt,BW6-Bf,,,,2012,2012-07-13,Black & White Era,,0,database.xlsx
Pokémon TCG,Japanese,Master Deck Build Box EX,Master Deck Build Box EX,MDB,,,,2012,2012-09-14,Black & White Era,,0,database.xlsx
Pokémon TCG,Japanese,Plasma Gale,Plasma Gale,BW7,,,,2012,2012-09-14,Black & White Era,,0,database.xlsx
Pokémon TCG,Japanese,Team Plasma Powered Half Deck,Team Plasma Powered Half Deck,PPD,,,,2012,2012-09-14,Black & White Era,,0,database.xlsx
Pokémon TCG,Japanese,Black Kyurem-EX Battle Strength Deck,Black Kyurem-EX Battle Strength Deck,BKB,,,,2012,2012-10-19,Black & White Era,,0,database.xlsx
Pokémon TCG,Japanese,White Kyurem-EX Battle Strength Deck,White Kyurem-EX Battle Strength Deck,BKW,,,,2012,2012-10-19,Black & White Era,,0,database.xlsx
Pokémon TCG,Japanese,Everyone's Exciting Battle,Everyone's Exciting Battle,WAK,,,,2012,2012-11-16,Black & White Era,,0,database.xlsx
Pokémon TCG,Japanese,Team Plasma Battle Gift Set,Team Plasma Battle Gift Set,PBG,,,,2012,2012-11-16,Black & White Era,,0,database.xlsx
Pokémon TCG,Japanese,Spiral Force,Spiral Force,BW8-Brf,,,,2012,2012-12-14,Black & White Era,,0,database.xlsx
Pokémon TCG,Japanese,Thunder Knuckle,Thunder Knuckle,BW8-Brn,,,,2012,2012-12-14,Black & White Era,,0,database.xlsx
Pokémon TCG,Japanese,Shiny Collection,Shiny Collection,SC,,,,2013,2013-02-01,Black & White Era,,0,database.xlsx
Pokémon TCG,Japanese,Blastoise + Kyurem-EX Combo Deck,Blastoise + Kyurem-EX Combo Deck,K,,,,2013,2013-03-15,Black & White Era,,0,database.xlsx
Pokémon TCG,Japanese,Megalo Cannon,Megalo Cannon,BW9,,,,2013,2013-03-15,Black & White Era,,0,database.xlsx
Pokémon TCG,Japanese,EX Battle Boost,EX Battle Boost,EBB,,,,2013,2013-07-13,Black & White Era,,0,database.xlsx
Pokémon TCG,Japanese,Mewtwo vs Genesect Deck Kit (Genesect),Mewtwo vs Genesect Deck Kit (Genesect),MG,,,,2013,2013-07-13,Black & White Era,,0,database.xlsx
Pokémon TCG,Japanese,Mewtwo vs Genesect Deck Kit (Mewtwo),Mewtwo vs Genesect Deck Kit (Mewtwo),MG,,,,2013,2013-07-13,Black & White Era,,0,database.xlsx
Pokémon TCG,Japanese,XY Beginning Set,XY Beginning Set,HXY,,,,2013,2013-11-08,XY Era,,0,database.xlsx
Pokémon TCG,Japanese,Collection X,Collection X,XY1-Bx,,,,2013,2013-12-13,XY Era,,0,database.xlsx
Pokémon TCG,Japanese,Collection Y,Collection Y,XY1-By,,,,2013,2013-12-13,XY Era,,0,database.xlsx
Pokémon TCG,Japanese,コレクションX,,XY1a,,,,2013,2013-12-13,XY,60,0,tcgdex
Pokémon TCG,Japanese,コレクションY,,XY1b,,,,2013,2013-12-13,XY,60,0,tcgdex
Pokémon TCG,Japanese,Xerneas Half Deck,Xerneas Half Deck,X30,,,,2014,2014-01-31,XY Era,,0,database.xlsx
Pokémon TCG,Japanese,Yveltal Half Deck,Yveltal Half Deck,Y30,,,,2014,2014-01-31,XY Era,,0,database.xlsx
Pokémon TCG,Japanese,M Charizard-EX Mega Battle Deck,M Charizard-EX Mega Battle Deck,XYA,,,,2014,2014-03-15,XY Era,,0,database.xlsx
Pokémon TCG,Japanese,ワイルドブレイズ,Wild Blaze,XY2,,,,2014,2014-03-15,XY Era,80,0,"database.xlsx,tcgdex"
Pokémon TCG,Japanese,ライジングフィスト,Rising Fist,XY3,,,,2014,2014-06-14,XY Era,96,0,"database.xlsx,tcgdex"
Pokémon TCG,Japanese,Dialga-EX + Aegislash-EX Hyper Metal Chain Deck,Dialga-EX + Aegislash-EX Hyper Metal Chain Deck,XYB,,,,2014,2014-09-13,XY Era,,0,database.xlsx
Pokémon TCG,Japanese,ファントムゲート,Phantom Gate,XY4,,,,2014,2014-09-13,XY Era,88,0,"database.xlsx,tcgdex"
Pokémon TCG,Japanese,Xerneas-EX & Yveltal-EX Super Legend Set,Xerneas-EX & Yveltal-EX Super Legend Set,XYC,,,,2014,2014-11-14,XY Era,,0,database.xlsx
Pokémon TCG,Japanese,Gaia Volcano,Gaia Volcano,XY5-Bg,,,,2014,2014-12-13,XY Era,,0,database.xlsx
Pokémon TCG,Japanese,Tidal Storm,Tidal Storm,XY5-Bt,,,,2014,2014-12-13,XY Era,,0,database.xlsx
Pokémon TCG,Japanese,ガイアボルケーノ,,XY5a,,,,2014,2014-12-13,XY,70,0,tcgdex
Pokémon TCG,Japanese,タイダルストーム,,XY5b,,,,2014,2014-12-13,XY,70,0,tcgdex
Pokémon TCG,Japanese,マグマ団VSアクア団 ダブルクライシス,Team Magma vs Team Aqua: Double Crisis,CP1,,,,2015,2015-01-30,XY Era,34,34,"database.xlsx,tcgdex"
Pokémon TCG,Japanese,M Rayquaza-EX Mega Battle Deck,M Rayquaza-EX Mega Battle Deck,XYD,,,,2015,2015-03-14,XY Era,,0,database.xlsx
Pokémon TCG,Japanese,エメラルドブレイク,Emerald Break,XY6,,,,2015,2015-03-14,XY Era,78,0,"database.xlsx,tcgdex"
Pokémon TCG,Japanese,バンデットリング,Bandit Ring,XY7,,,,2015,2015-06-20,XY Era,81,0,"database.xlsx,tcgdex"
Pokémon TCG,Japanese,Emboar-EX vs Togekiss-EX Battle Starter Set,Emboar-EX vs Togekiss-EX Battle Starter Set,XYE,,,,2015,2015-07-18,XY Era,,0,database.xlsx
Pokémon TCG,Japanese,伝説キラコレクション,Legendary Shine Collection,CP2,,,,2015,2015-07-18,XY Era,27,27,"database.xlsx,tcgdex"
Pokémon TCG,Japanese,M Master Deck Build Box Power Style,M Master Deck Build Box Power Style,MMB-P,,,,2015,2015-08-07,XY Era,,0,database.xlsx
Pokémon TCG,Japanese,M Master Deck Build Box Speed Style,M Master Deck Build Box Speed Style,MMB-S,,,,2015,2015-08-07,XY Era,,0,database.xlsx
Pokémon TCG,Japanese,Blue Shock,Blue Shock,XY8-Bb,,,,2015,2015-09-26,XY Era,,0,database.xlsx
Pokémon TCG,Japanese,Noivern BREAK Evolution Pack,Noivern BREAK Evolution Pack,SNPo,,,,2015,2015-09-26,XY Era,,0,database.xlsx
Pokémon TCG,Japanese,Raichu BREAK Evolution Pack,Raichu BREAK Evolution Pack,SNPr,,,,2015,2015-09-26,XY Era,,0,database.xlsx
Pokémon TCG,Japanese,Red Flash,Red Flash,XY8-Br,,,,2015,2015-09-26,XY Era,,0,database.xlsx
Pokémon TCG,Japanese,赤い閃光,,XY8b,,,,2015,2015-09-26,XY BREAK,59,0,tcgdex
Pokémon TCG,Japanese,青い衝撃,,XY8a,,,,2015,2015-09-26,XY BREAK,59,0,tcgdex
Pokémon TCG,Japanese,Golduck BREAK + Palkia-EX Combo Deck,Golduck BREAK + Palkia-EX Combo Deck,XYF,,,,2015,2015-10-09,XY Era,,0,database.xlsx
Pokémon TCG,Japanese,破天の怒り,Rage of the Broken Heavens,XY9,,,,2015,2015-12-11,XY Era,80,0,"database.xlsx,tcgdex"
Pokémon TCG,Japanese,ポケキュンコレクション,PokéKyun Collection,CP3,,,,2016,2016-01-29,XY Era,32,0,"database.xlsx,tcgdex"
Pokémon TCG,Japanese,20th Anniversary Starter Pack,20th Anniversary Starter Pack,20th,,,,2016,2016-02-27,XY Era,,0,database.xlsx
Pokémon TCG,Japanese,M Audino-EX Mega Battle Deck,M Audino-EX Mega Battle Deck,XYH,,,,2016,2016-03-18,XY Era,,0,database.xlsx
Pokémon TCG,Japanese,Zygarde-EX Perfect Battle Deck,Zygarde-EX Perfect Battle Deck,XYG,,,,2016,2016-03-18,XY Era,,0,database.xlsx
Pokémon TCG,Japanese,めざめる超王,Awakening Psychic King,XY10,,,,2016,2016-03-18,XY Era,78,0,"database.xlsx,tcgdex"
Pokémon TCG,Japanese,プレミアムチャンピオンパック EX×M×BREAK,EX × M × BREAK Premium Champion Pack,CP4,,,,2016,2016-04-16,XY Era,131,0,"database.xlsx,tcgdex"
Pokémon TCG,Japanese,Cruel Traitor,Cruel Traitor,XY11-Br,,,,2016,2016-06-17,XY Era,,0,database.xlsx
Pokémon TCG,Japanese,Fever-Burst Fighter,Fever-Burst Fighter,XY11-Bb,,,,2016,2016-06-17,XY Era,,0,database.xlsx
Pokémon TCG,Japanese,冷酷の反逆者,,XY11b,,,,2016,2016-06-17,XY BREAK,54,0,tcgdex
Pokémon TCG,Japanese,爆熱の闘士,,XY11a,,,,2016,2016-06-17,XY BREAK,54,0,tcgdex
Pokémon TCG,Japanese,冷酷の反逆者,Mythical & Legendary Dream Shine Collection,CP5,,,,2016,2016-07-16,XY Era,36,0,"database.xlsx,tcgdex"
Pokémon TCG,Japanese,ポケットモンスターカードゲーム 拡張パック 20th Anniversary,Expansion Pack 20th Anniversary,CP6,,,,2016,2016-09-16,XY Era,87,0,"database.xlsx,tcgdex"
Pokémon TCG,Japanese,ピカチュウと新しい仲間たち,Pikachu's New Friends,SM0,,,,2016,2016-11-18,Sun & Moon Era,4,0,"database.xlsx,tcgdex"
Pokémon TCG,Japanese,"Decidueye-GX, Incineroar-GX & Primarina-GX Starter Sets","Decidueye-GX, Incineroar-GX & Primarina-GX Starter Sets",SMA,,,,2016,2016-12-09,Sun & Moon Era,,0,database.xlsx
Pokémon TCG,Japanese,Premium Trainer Box,Premium Trainer Box,SMB,,,,2016,2016-12-09,Sun & Moon Era,,0,database.xlsx
Pokémon TCG,Japanese,コレクションサン,Collection Sun,SM1S,,,,2016,2016-12-09,Sun & Moon Era,60,73,"database.xlsx,tcgdex"
Pokémon TCG,Japanese,コレクションムーン,Collection Moon,SM1M,,,,2016,2016-12-09,Sun & Moon Era,60,73,"database.xlsx,tcgdex"
Pokémon TCG,Japanese,Rockruff Full Power Deck,Rockruff Full Power Deck,SMP1,,,,2016,2016-12-15,Sun & Moon Era,,0,database.xlsx
Pokémon TCG,Japanese,サン＆ムーン,Sun & Moon Enhanced Expansion Pack,SM1,,,,2017,2017-01-27,Sun & Moon Era,51,68,"database.xlsx,tcgdex"
Pokémon TCG,Japanese,Tapu Bulu-GX Enhanced Starter Set,Tapu Bulu-GX Enhanced Starter Set,SMC,,,,2017,2017-03-17,Sun & Moon Era,,0,database.xlsx
Pokémon TCG,Japanese,アローラの月光,Alolan Moonlight,SM2L,,,,2017,2017-03-17,Sun & Moon Era,50,62,"database.xlsx,tcgdex"
Pokémon TCG,Japanese,キミを待つ島々,Islands Await You,SM2K,,,,2017,2017-03-17,Sun & Moon Era,50,61,"database.xlsx,tcgdex"
Pokémon TCG,Japanese,Ash vs Team Rocket Battle Set,Ash vs Team Rocket Battle Set,SMD,,,,2017,2017-04-21,Sun & Moon Era,,0,database.xlsx
Pokémon TCG,Japanese,Facing a New Trial,Facing a New Trial,SM2,,,,2017,2017-04-21,Sun & Moon Era,,0,database.xlsx
Pokémon TCG,Japanese,The Best of XY,The Best of XY,XY,,,,2017,2017-04-21,XY Era,,0,database.xlsx
Pokémon TCG,Japanese,新たなる試練の向こう,,SM2p,,,,2017,2017-04-21,サン＆ムーン,49,65,tcgdex
Pokémon TCG,Japanese,光を喰らう闇,Darkness that Consumes Light,SM3N,,,,2017,2017-06-16,Sun & Moon Era,51,64,"database.xlsx,tcgdex"
Pokémon TCG,Japanese,闘う虹を見たか,To Have Seen the Battle Rainbow,SM3H,,,,2017,2017-06-16,Sun & Moon Era,51,64,"database.xlsx,tcgdex"
Pokémon TCG,Japanese,ひかる伝説,Shining Legends,SM3,,,,2017,2017-07-15,Sun & Moon Era,72,82,"database.xlsx,tcgdex"
Pokémon TCG,Japanese,覚醒の勇者,Awakened Heroes,SM4S,,,,2017,2017-09-15,Sun & Moon Era,50,62,"database.xlsx,tcgdex"
Pokémon TCG,Japanese,超次元の暴獣,Ultradimensional Beasts,SM4A,,,,2017,2017-09-15,Sun & Moon Era,50,61,"database.xlsx,tcgdex"
Pokémon TCG,Japanese,GXバトルブースト,GX Battle Boost,SM4,,,,2017,2017-10-20,Sun & Moon Era,114,125,"database.xlsx,tcgdex"
Pokémon TCG,Japanese,Solgaleo-GX & Lunala-GX Legendary Starter Set,Solgaleo-GX & Lunala-GX Legendary Starter Set,SME,,,,2017,2017-11-10,Sun & Moon Era,,0,database.xlsx
Pokémon TCG,Japanese,Ultra Sun & Ultra Moon Premium Trainer Box,Ultra Sun & Ultra Moon Premium Trainer Box,SMF,,,,2017,2017-12-08,Sun & Moon Era,,0,database.xlsx
Pokémon TCG,Japanese,ウルトラサン,Ultra Sun,SM5S,,,,2017,2017-12-08,Sun & Moon Era,66,78,"database.xlsx,tcgdex"
Pokémon TCG,Japanese,ウルトラムーン,Ultra Moon,SM5M,,,,2017,2017-12-08,Sun & Moon Era,66,78,"database.xlsx,tcgdex"
Pokémon TCG,Japanese,ウルトラフォース,Ultra Force,SM5,,,,2018,2018-01-19,Sun & Moon Era,50,63,"database.xlsx,tcgdex"
Pokémon TCG,Japanese,Ultra Sun & Ultra Moon Deck Build Boxes,Ultra Sun & Ultra Moon Deck Build Boxes,SMG,,,,2018,2018-02-16,Sun & Moon Era,,0,database.xlsx
Pokémon TCG,Japanese,禁断の光,Forbidden Light,SM6,,,,2018,2018-03-02,Sun & Moon Era,94,110,"database.xlsx,tcgdex"
Pokémon TCG,Japanese,ドラゴンストーム,Dragon Storm,SM6a,,,,2018,2018-04-06,Sun & Moon Era,53,66,"database.xlsx,tcgdex"
Pokémon TCG,Japanese,チャンピオンロード,Champion Road,SM6b,,,,2018,2018-05-03,Sun & Moon Era,66,86,"database.xlsx,tcgdex"
Pokémon TCG,Japanese,裂空のカリスマ,Sky-Splitting Charisma,SM7,,,,2018,2018-06-01,Sun & Moon Era,96,112,"database.xlsx,tcgdex"
Pokémon TCG,Japanese,迅雷スパーク,Thunderclap Spark,SM7a,,,,2018,2018-07-06,Sun & Moon Era,50,73,"database.xlsx,tcgdex"
Pokémon TCG,Japanese,GX Starter Decks,GX Starter Decks,SMH,,,,2018,2018-07-13,Sun & Moon Era,,0,database.xlsx
Pokémon TCG,Japanese,フェアリーライズ,Fairy Rise,SM7b,,,,2018,2018-08-03,Sun & Moon Era,50,63,"database.xlsx,tcgdex"
Pokémon TCG,Japanese,超爆インパクト,Super-Burst Impact,SM8,,,,2018,2018-09-07,Sun & Moon Era,95,111,"database.xlsx,tcgdex"
Pokémon TCG,Japanese,ダークオーダー,Dark Order,SM8a,,,,2018,2018-10-05,Sun & Moon Era,52,65,"database.xlsx,tcgdex"
Pokémon TCG,Japanese,GXウルトラシャイニー,GX Ultra Shiny,SM8b,,,,2018,2018-11-02,Sun & Moon Era,150,250,"database.xlsx,tcgdex"
Pokémon TCG,Japanese,"Flareon-GX, Vaporeon-GX & Jolteon-GX Starter Sets","Flareon-GX, Vaporeon-GX & Jolteon-GX Starter Sets",SMI,,,,2018,2018-11-23,Sun & Moon Era,,0,database.xlsx
Pokémon TCG,Japanese,Tag Team GX Premium Trainer Box,Tag Team GX Premium Trainer Box,SMJ,,,,2018,2018-12-07,Sun & Moon Era,,0,database.xlsx
Pokémon TCG,Japanese,タッグボルト,Tag Bolt,SM9,,,,2018,2018-12-07,Sun & Moon Era,95,118,"database.xlsx,tcgdex"
Pokémon TCG,Japanese,ナイトユニゾン,Night Unison,SM9a,,,,2019,2019-01-11,Sun & Moon Era,55,70,"database.xlsx,tcgdex"
Pokémon TCG,Japanese,Trainer Battle Decks,Trainer Battle Decks,SMK,,,,2019,2019-01-25,Sun & Moon Era,,0,database.xlsx
Pokémon TCG,Japanese,フルメタルウォール,Full Metal Wall,SM9b,,,,2019,2019-02-01,Sun & Moon Era,54,69,"database.xlsx,tcgdex"
Pokémon TCG,Japanese,Tag Team GX Deck Build Box,Tag Team GX Deck Build Box,SMN,,,,2019,2019-03-01,Sun & Moon Era,,0,database.xlsx
Pokémon TCG,Japanese,ダブルブレイズ,Double Blaze,SM10,,,,2019,2019-03-01,Sun & Moon Era,95,116,"database.xlsx,tcgdex"
Pokémon TCG,Japanese,Sun & Moon Family Pokémon Card Game,Sun & Moon Family Pokémon Card Game,SML,,,,2019,2019-03-15,Sun & Moon Era,,0,database.xlsx
Pokémon TCG,Japanese,ジージーエンド,GG End,SM10a,,,,2019,2019-04-05,Sun & Moon Era,54,69,"database.xlsx,tcgdex"
Pokémon TCG,Japanese,スカイレジェンド,Sky Legend,SM10b,,,,2019,2019-04-26,Sun & Moon Era,56,69,"database.xlsx,tcgdex"
Pokémon TCG,Japanese,名探偵ピカチュウ,Great Detective Pikachu,SMP2,,,,2019,2019-04-26,Sun & Moon Era,24,0,"database.xlsx,tcgdex"
Pokémon TCG,Japanese,Tag Team GX Starter Sets,Tag Team GX Starter Sets,SMM,,,,2019,2019-05-31,Sun & Moon Era,,0,database.xlsx
Pokémon TCG,Japanese,ミラクルツイン,Miracle Twin,SM11,,,,2019,2019-05-31,Sun & Moon Era,94,115,"database.xlsx,tcgdex"
Pokémon TCG,Japanese,リミックスバウト,Remix Bout,SM11a,,,,2019,2019-07-05,Sun & Moon Era,64,80,"database.xlsx,tcgdex"
Pokémon TCG,Japanese,ドリームリーグ,Dream League,SM11b,,,,2019,2019-08-02,Sun & Moon Era,49,75,"database.xlsx,tcgdex"
Pokémon TCG,Japanese,オルタージェネシス,Alter Genesis,SM12,,,,2019,2019-09-06,Sun & Moon Era,95,117,"database.xlsx,tcgdex"
Pokémon TCG,Japanese,Extra Regulation Box,Extra Regulation Box,,,,,2019,2019-10-04,Sun & Moon Era,,0,database.xlsx
Pokémon TCG,Japanese,TAG TEAM GX タッグオールスターズ,Tag All Stars,SM12a,,,,2019,2019-10-04,Sun & Moon Era,173,226,"database.xlsx,tcgdex"
Pokémon TCG,Japanese,Fighting Starter Set V,Fighting Starter Set V,SA,,,,2019,2019-11-29,Sword & Shield Era,,0,database.xlsx
Pokémon TCG,Japanese,Fire Starter Set V,Fire Starter Set V,SA,,,,2019,2019-11-29,Sword & Shield Era,,0,database.xlsx
Pokémon TCG,Japanese,Grass Starter Set V,Grass Starter Set V,SA,,,,2019,2019-11-29,Sword & Shield Era,,0,database.xlsx
Pokémon TCG,Japanese,Lightning Starter Set V,Lightning Starter Set V,SA,,,,2019,2019-11-29,Sword & Shield Era,,0,database.xlsx
Pokémon TCG,Japanese,Water Starter Set V,Water Starter Set V,SA,,,,2019,2019-11-29,Sword & Shield Era,,0,database.xlsx
Pokémon TCG,Japanese,Sword & Shield Premium Trainer Box,Sword & Shield Premium Trainer Box,SB,,,,2019,2019-12-06,Sword & Shield Era,,0,database.xlsx
Pokémon TCG,Japanese,シールド,Shield,S1H,,,,2019,2019-12-06,Sword & Shield Era,60,0,"database.xlsx,tcgdex"
Pokémon TCG,Japanese,ソード,Sword,S1W,,,,2019,2019-12-06,Sword & Shield Era,60,0,"database.xlsx,tcgdex"
Pokémon TCG,Japanese,Zacian + Zamazenta Box,Zacian + Zamazenta Box,SP1,,,,2019,2019-12-27,Sword & Shield Era,,0,database.xlsx
Pokémon TCG,Japanese,VMAXライジング,VMAX Rising,S1a,,,,2020,2020-02-07,Sword & Shield Era,70,0,"database.xlsx,tcgdex"
Pokémon TCG,Japanese,反逆クラッシュ,Rebellion Crash,S2,,,,2020,2020-03-06,Sword & Shield Era,96,0,"database.xlsx,tcgdex"
Pokémon TCG,Japanese,Charizard Starter Set VMAX,Charizard Starter Set VMAX,SC,,,,2020,2020-03-27,Sword & Shield Era,,0,database.xlsx
Pokémon TCG,Japanese,Grimmsnarl Starter Set VMAX,Grimmsnarl Starter Set VMAX,SC,,,,2020,2020-03-27,Sword & Shield Era,,0,database.xlsx
Pokémon TCG,Japanese,爆炎ウォーカー,Explosive Walker,S2a,,,,2020,2020-04-24,Sword & Shield Era,70,0,"database.xlsx,tcgdex"
Pokémon TCG,Japanese,ムゲンゾーン,Infinity Zone,S3,,,,2020,2020-06-05,Sword & Shield Era,100,0,"database.xlsx,tcgdex"
Pokémon TCG,Japanese,V Starter Decks,V Starter Decks,SD,,,,2020,2020-07-10,Sword & Shield Era,,0,database.xlsx
Pokémon TCG,Japanese,伝説の鼓動,Legendary Heartbeat,S3a,,,,2020,2020-07-10,Sword & Shield Era,76,0,"database.xlsx,tcgdex"
Pokémon TCG,Japanese,仰天のボルテッカー,Amazing Volt Tackle,S4,,,,2020,2020-09-18,Sword & Shield Era,100,0,"database.xlsx,tcgdex"
Pokémon TCG,Japanese,VMAX Special Set,VMAX Special Set,SP2,,,,2020,2020-10-23,Sword & Shield Era,,0,database.xlsx
Pokémon TCG,Japanese,シャイニースターV,Shiny Star V,S4a,,,,2020,2020-11-20,Sword & Shield Era,190,0,"database.xlsx,tcgdex"
Pokémon TCG,Japanese,Blastoise Starter Set VMAX,Blastoise Starter Set VMAX,SEK,,,,2020,2020-12-04,Sword & Shield Era,,0,database.xlsx
Pokémon TCG,Japanese,Charizard Starter Set VMAX 2,Charizard Starter Set VMAX 2,SC2,,,,2020,2020-12-04,Sword & Shield Era,,0,database.xlsx
Pokémon TCG,Japanese,Venusaur Starter Set VMAX,Venusaur Starter Set VMAX,SEF,,,,2020,2020-12-04,Sword & Shield Era,,0,database.xlsx
Pokémon TCG,Japanese,Single Strike & Rapid Strike Premium Trainer Boxes,Single Strike & Rapid Strike Premium Trainer Boxes,SF,,,,2021,2021-01-22,Sword & Shield Era,,0,database.xlsx
Pokémon TCG,Japanese,一撃マスター,Single Strike Master,S5I,,,,2021,2021-01-22,Sword & Shield Era,70,91,"database.xlsx,tcgdex"
Pokémon TCG,Japanese,連撃マスター,Rapid Strike Master,S5R,,,,2021,2021-01-22,Sword & Shield Era,70,0,"database.xlsx,tcgdex"
Pokémon TCG,Japanese,双璧のファイター,Matchless Fighters,S5a,,,,2021,2021-03-19,Sword & Shield Era,70,0,"database.xlsx,tcgdex"
Pokémon TCG,Japanese,Silver Lance & Jet-Black Spirit Jumbo Pack Set,Silver Lance & Jet-Black Spirit Jumbo Pack Set,SP3,,,,2021,2021-04-23,Sword & Shield Era,,0,database.xlsx
Pokémon TCG,Japanese,漆黒のガイスト,Jet-Black Spirit,S6K,,,,2021,2021-04-23,Sword & Shield Era,70,95,"database.xlsx,tcgdex"
Pokémon TCG,Japanese,白銀のランス,Silver Lance,S6H,,,,2021,2021-04-23,Sword & Shield Era,70,95,"database.xlsx,tcgdex"
Pokémon TCG,Japanese,Eevee Heroes VMAX Special Set,Eevee Heroes VMAX Special Set,SP4,,,,2021,2021-05-28,Sword & Shield Era,,0,database.xlsx
Pokémon TCG,Japanese,Gengar VMAX High-Class Deck,Gengar VMAX High-Class Deck,SGG,,,,2021,2021-05-28,Sword & Shield Era,,0,database.xlsx
Pokémon TCG,Japanese,Inteleon VMAX High-Class Deck,Inteleon VMAX High-Class Deck,SGI,,,,2021,2021-05-28,Sword & Shield Era,,0,database.xlsx
Pokémon TCG,Japanese,イーブイヒーローズ,Eevee Heroes,S6a,,,,2021,2021-05-28,Sword & Shield Era,69,0,"database.xlsx,tcgdex"
Pokémon TCG,Japanese,Sword & Shield Family Pokémon Card Game,Sword & Shield Family Pokémon Card Game,SH,,,,2021,2021-07-09,Sword & Shield Era,,0,database.xlsx
Pokémon TCG,Japanese,摩天パーフェクト,Skyscraping Perfection,S7D,,,,2021,2021-07-09,Sword & Shield Era,67,90,"database.xlsx,tcgdex"
Pokémon TCG,Japanese,蒼空ストリーム,Blue Sky Stream,S7R,,,,2021,2021-07-09,Sword & Shield Era,67,0,"database.xlsx,tcgdex"
Pokémon TCG,Japanese,V-UNION Special Card Sets,V-UNION Special Card Sets,SP5,,,,2021,2021-08-20,Sword & Shield Era,,0,database.xlsx
Pokémon TCG,Japanese,フュージョンアーツ,Fusion Arts,S8,,,,2021,2021-09-24,Sword & Shield Era,100,129,"database.xlsx,tcgdex"
Pokémon TCG,Japanese,25th アニバーサリーコレクション,25th Anniversary Collection,S8a,,,,2021,2021-10-22,Sword & Shield Era,28,0,"database.xlsx,tcgdex"
Pokémon TCG,Japanese,Promo Card Pack 25th Anniversary Edition,Promo Card Pack 25th Anniversary Edition,S8a-P,,,,2021,2021-10-22,Sword & Shield Era,,0,database.xlsx
Pokémon TCG,Japanese,Zacian & Zamazenta vs Eternatus Special Deck Set,Zacian & Zamazenta vs Eternatus Special Deck Set,SJ,,,,2021,2021-11-05,Sword & Shield Era,,0,database.xlsx
Pokémon TCG,Japanese,25th Anniversary Golden Box,25th Anniversary Golden Box,S8a-G,,,,2021,2021-12-01,Sword & Shield Era,,0,database.xlsx
Pokémon TCG,Japanese,VMAXクライマックス,VMAX Climax,S8b,,,,2021,2021-12-03,Sword & Shield Era,184,285,"database.xlsx,tcgdex"
Pokémon TCG,Japanese,Start Deck 100,Start Deck 100,SI,,,,2021,2021-12-17,Sword & Shield Era,,0,database.xlsx
Pokémon TCG,Japanese,25th Anniversary Creatures Deck,25th Anniversary Creatures Deck,,,,,2021,2021-12-26,Sword & Shield Era,,0,database.xlsx
Pokémon TCG,Japanese,VSTAR Premium Trainer Box,VSTAR Premium Trainer Box,SK,,,,2022,2022-01-14,Sword & Shield Era,,0,database.xlsx
Pokémon TCG,Japanese,スターバース,Star Birth,S9,,,,2022,2022-01-14,Sword & Shield Era,100,127,"database.xlsx,tcgdex"
Pokémon TCG,Japanese,Darkrai Starter Set VSTAR,Darkrai Starter Set VSTAR,SLD,,,,2022,2022-02-25,Sword & Shield Era,,0,database.xlsx
Pokémon TCG,Japanese,Lucario Starter Set VSTAR,Lucario Starter Set VSTAR,SLL,,,,2022,2022-02-25,Sword & Shield Era,,0,database.xlsx
Pokémon TCG,Japanese,バトルリージョン,Battle Region,S9a,,,,2022,2022-02-25,Sword & Shield Era,67,93,"database.xlsx,tcgdex"
Pokémon TCG,Japanese,Start Deck 100 CoroCoro Comic Version,Start Deck 100 CoroCoro Comic Version,SN,,,,2022,2022-03-01,Sword & Shield Era,,0,database.xlsx
Pokémon TCG,Japanese,スペースジャグラー,Space Juggler,S10P,,,,2022,2022-04-08,Sword & Shield Era,67,88,"database.xlsx,tcgdex"
Pokémon TCG,Japanese,タイムゲイザー,Time Gazer,S10D,,,,2022,2022-04-08,Sword & Shield Era,67,0,"database.xlsx,tcgdex"
Pokémon TCG,Japanese,ダークファンタズマ,Dark Phantasma,S10a,,,,2022,2022-05-13,Sword & Shield Era,71,99,"database.xlsx,tcgdex"
Pokémon TCG,Japanese,Pokémon GO,Pokémon GO,S10b,,,,2022,2022-06-17,Sword & Shield Era,71,0,"database.xlsx,tcgdex"
Pokémon TCG,Japanese,Deoxys VSTAR & VMAX High-Class Deck,Deoxys VSTAR & VMAX High-Class Deck,SPD,,,,2022,2022-07-15,Sword & Shield Era,,0,database.xlsx
Pokémon TCG,Japanese,Zeraora VSTAR & VMAX High-Class Deck,Zeraora VSTAR & VMAX High-Class Deck,SPZ,,,,2022,2022-07-15,Sword & Shield Era,,0,database.xlsx
Pokémon TCG,Japanese,ロストアビス,Lost Abyss,S11,,,,2022,2022-07-15,Sword & Shield Era,100,127,"database.xlsx,tcgdex"
Pokémon TCG,Japanese,VSTAR Special Set,VSTAR Special Set,SP6,,,,2022,2022-08-05,Sword & Shield Era,,0,database.xlsx
Pokémon TCG,Japanese,白熱のアルカナ,Incandescent Arcana,S11a,,,,2022,2022-09-02,Sword & Shield Era,68,94,"database.xlsx,tcgdex"
Pokémon TCG,Japanese,パラダイムトリガー,Paradigm Trigger,S12,,,,2022,2022-10-21,Sword & Shield Era,98,125,"database.xlsx,tcgdex"
Pokémon TCG,Japanese,Charizard VSTAR vs Rayquaza VMAX Special Deck Set,Charizard VSTAR vs Rayquaza VMAX Special Deck Set,SO,,,,2022,2022-11-04,Sword & Shield Era,,0,database.xlsx
Pokémon TCG,Japanese,スカーレット&バイオレット プロモカード,Scarlet & Violet Promos,SVP,,,,2022,2022-11-29,Scarlet & Violet Era,0,288,"database.xlsx,tcgdex"
Pokémon TCG,Japanese,VSTARユニバース,VSTAR Universe,S12a,,,,2022,2022-12-02,Sword & Shield Era,172,258,"database.xlsx,tcgdex"
Pokémon TCG,Japanese,Fuecoco & Ampharos ex Starter Set ex,Fuecoco & Ampharos ex Starter Set ex,SVAL,,,,2023,2023-01-20,Scarlet & Violet Era,,0,database.xlsx
Pokémon TCG,Japanese,Quaxly & Mimikyu ex Starter Set ex,Quaxly & Mimikyu ex Starter Set ex,SVAW,,,,2023,2023-01-20,Scarlet & Violet Era,,0,database.xlsx
Pokémon TCG,Japanese,Sprigatito & Lucario ex Starter Set ex,Sprigatito & Lucario ex Starter Set ex,SVAM,,,,2023,2023-01-20,Scarlet & Violet Era,,0,database.xlsx
Pokémon TCG,Japanese,ex Premium Trainer Box,ex Premium Trainer Box,SVB,,,,2023,2023-01-20,Scarlet & Violet Era,,0,database.xlsx
Pokémon TCG,Japanese,スカーレットex,Scarlet ex,SV1S,,,,2023,2023-01-20,Scarlet & Violet Era,78,108,"database.xlsx,tcgdex"
Pokémon TCG,Japanese,バイオレットex,Violet ex,SV1V,,,,2023,2023-01-20,Scarlet & Violet Era,78,108,"database.xlsx,tcgdex"
Pokémon TCG,Japanese,トリプレットビート,Triplet Beat,SV1a,,,,2023,2023-03-10,Scarlet & Violet Era,73,103,"database.xlsx,tcgdex"
Pokémon TCG,Japanese,Pikachu ex & Pawmot Starter Set ex,Pikachu ex & Pawmot Starter Set ex,SVC,,,,2023,2023-03-24,Scarlet & Violet Era,,0,database.xlsx
Pokémon TCG,Japanese,クレイバースト,Clay Burst,SV2D,,,,2023,2023-04-14,Scarlet & Violet Era,71,99,"database.xlsx,tcgdex"
Pokémon TCG,Japanese,スノーハザード,Snow Hazard,SV2P,,,,2023,2023-04-14,Scarlet & Violet Era,71,99,"database.xlsx,tcgdex"
Pokémon TCG,Japanese,ex Special Set,ex Special Set,SVP1,,,,2023,2023-05-19,Scarlet & Violet Era,,0,database.xlsx
Pokémon TCG,Japanese,ポケモンカード151,Pokémon Card 151,SV2a,,,,2023,2023-06-16,Scarlet & Violet Era,165,210,"database.xlsx,tcgdex"
Pokémon TCG,Japanese,ex Starter Decks,ex Starter Decks,SVD,,,,2023,2023-07-07,Scarlet & Violet Era,,0,database.xlsx
Pokémon TCG,Japanese,Ruler of the Black Flame Deck Build Box,Ruler of the Black Flame Deck Build Box,SVF,,,,2023,2023-07-28,Scarlet & Violet Era,,0,database.xlsx
Pokémon TCG,Japanese,World Championships 2023 Yokohama Deck: Pikachu,World Championships 2023 Yokohama Deck: Pikachu,WCS23,,,,2023,2023-07-28,Scarlet & Violet Era,,0,database.xlsx
Pokémon TCG,Japanese,黒炎の支配者,Ruler of the Black Flame,SV3,,,,2023,2023-07-28,Scarlet & Violet Era,108,141,"database.xlsx,tcgdex"
Pokémon TCG,Japanese,Mewtwo ex Starter Set Terastal,Mewtwo ex Starter Set Terastal,SVEM,,,,2023,2023-09-22,Scarlet & Violet Era,,0,database.xlsx
Pokémon TCG,Japanese,Skeledirge ex Starter Set Terastal,Skeledirge ex Starter Set Terastal,SVEL,,,,2023,2023-09-22,Scarlet & Violet Era,,0,database.xlsx
Pokémon TCG,Japanese,レイジングサーフ,Raging Surf,SV3a,,,,2023,2023-09-22,Scarlet & Violet Era,62,92,"database.xlsx,tcgdex"
Pokémon TCG,Japanese,古代の咆哮,Ancient Roar,SV4K,,,,2023,2023-10-27,Scarlet & Violet Era,66,95,"database.xlsx,tcgdex"
Pokémon TCG,Japanese,未来の一閃,Future Flash,SV4M,,,,2023,2023-10-27,Scarlet & Violet Era,66,95,"database.xlsx,tcgdex"
Pokémon TCG,Japanese,Pokémon TCG Classic (Blastoise),Pokémon TCG Classic (Blastoise),CLK,,,,2023,2023-10-31,Scarlet & Violet Era,,0,database.xlsx
Pokémon TCG,Japanese,Pokémon TCG Classic (Charizard),Pokémon TCG Classic (Charizard),CLL,,,,2023,2023-10-31,Scarlet & Violet Era,,0,database.xlsx
Pokémon TCG,Japanese,Pokémon TCG Classic (Venusaur),Pokémon TCG Classic (Venusaur),CLF,,,,2023,2023-10-31,Scarlet & Violet Era,,0,database.xlsx
Pokémon TCG,Japanese,"Venusaur, Charizard & Blastoise Special Deck Set ex","Venusaur, Charizard & Blastoise Special Deck Set ex",SVG,,,,2023,2023-11-10,Scarlet & Violet Era,,0,database.xlsx
Pokémon TCG,Japanese,レイジングサーフ,Shiny Treasure ex,SV4a,,,,2023,2023-12-01,Scarlet & Violet Era,190,320,"database.xlsx,tcgdex"
Pokémon TCG,Japanese,Ancient Koraidon ex Starter Deck & Build Set,Ancient Koraidon ex Starter Deck & Build Set,SVHK,,,,2024,2024-01-26,Scarlet & Violet Era,,0,database.xlsx
Pokémon TCG,Japanese,Future Miraidon ex Starter Deck & Build Set,Future Miraidon ex Starter Deck & Build Set,SVHM,,,,2024,2024-01-26,Scarlet & Violet Era,,0,database.xlsx
Pokémon TCG,Japanese,サイバージャッジ,Cyber Judge,SV5M,,,,2024,2024-01-26,Scarlet & Violet Era,71,100,"database.xlsx,tcgdex"
Pokémon TCG,Japanese,ワイルドフォース,Wild Force,SV5K,,,,2024,2024-01-26,Scarlet & Violet Era,71,100,"database.xlsx,tcgdex"
Pokémon TCG,Japanese,Battle Academy,Battle Academy,SVI,,,,2024,2024-03-08,Scarlet & Violet Era,,0,database.xlsx
Pokémon TCG,Japanese,クリムゾンヘイズ,Crimson Haze,SV5a,,,,2024,2024-03-22,Scarlet & Violet Era,66,96,"database.xlsx,tcgdex"
Pokémon TCG,Japanese,トリプレットビート,,CS1.5,,,,2024,2024-04-26,剣と盾,101,0,tcgdex
Pokémon TCG,Japanese,トリプレットビート,,CS1a,,,,2024,2024-04-26,剣と盾,101,0,tcgdex
Pokémon TCG,Japanese,トリプレットビート,,CS1b,,,,2024,2024-04-26,剣と盾,101,0,tcgdex
Pokémon TCG,Japanese,トリプレットビート,,CS2.5,,,,2024,2024-04-26,剣と盾,101,0,tcgdex
Pokémon TCG,Japanese,トリプレットビート,,CS2a,,,,2024,2024-04-26,剣と盾,101,0,tcgdex
Pokémon TCG,Japanese,トリプレットビート,,CS2b,,,,2024,2024-04-26,剣と盾,101,0,tcgdex
Pokémon TCG,Japanese,トリプレットビート,,CS3.5,,,,2024,2024-04-26,剣と盾,101,0,tcgdex
Pokémon TCG,Japanese,トリプレットビート,,CS3D,,,,2024,2024-04-26,剣と盾,101,0,tcgdex
Pokémon TCG,Japanese,トリプレットビート,,CS3a,,,,2024,2024-04-26,剣と盾,101,0,tcgdex
Pokémon TCG,Japanese,トリプレットビート,,CS3b,,,,2024,2024-04-26,剣と盾,101,0,tcgdex
Pokémon TCG,Japanese,トリプレットビート,,CS4,,,,2024,2024-04-26,剣と盾,101,0,tcgdex
Pokémon TCG,Japanese,トリプレットビート,,CS4Da,,,,2024,2024-04-26,剣と盾,101,0,tcgdex
Pokémon TCG,Japanese,トリプレットビート,,CS4a,,,,2024,2024-04-26,剣と盾,101,0,tcgdex
Pokémon TCG,Japanese,トリプレットビート,,CS4b,,,,2024,2024-04-26,剣と盾,101,0,tcgdex
Pokémon TCG,Japanese,トリプレットビート,,CSA,,,,2024,2024-04-26,剣と盾,101,0,tcgdex
Pokémon TCG,Japanese,変幻の仮面,Mask of Change,SV6,,,,2024,2024-04-26,Scarlet & Violet Era,101,133,"database.xlsx,tcgdex"
Pokémon TCG,Japanese,Chien-Pao ex Battle Master Deck,Chien-Pao ex Battle Master Deck,SVJP,,,,2024,2024-05-17,Scarlet & Violet Era,,0,database.xlsx
Pokémon TCG,Japanese,Terastal Charizard ex Battle Master Deck,Terastal Charizard ex Battle Master Deck,SVJL,,,,2024,2024-05-17,Scarlet & Violet Era,,0,database.xlsx
Pokémon TCG,Japanese,ナイトワンダラー,Night Wanderer,SV6a,,,,2024,2024-06-07,Scarlet & Violet Era,64,94,"database.xlsx,tcgdex"
Pokémon TCG,Japanese,ステラミラクル,Stellar Miracle,SV7,,,,2024,2024-07-19,Scarlet & Violet Era,102,135,"database.xlsx,tcgdex"
Pokémon TCG,Japanese,デッキビルドBOX ステラミラクル,Stellar Miracle Deck Build Box,SVK,,,,2024,2024-07-19,Scarlet & Violet Era,44,44,"database.xlsx,tcgdex"
Pokémon TCG,Japanese,スターターセット テラスタイプ：ステラ ソウブレイズex,Ceruledge ex Starter Set Tera Type: Stellar,SVLS,,,,2024,2024-08-30,Scarlet & Violet Era,22,22,"database.xlsx,tcgdex"
Pokémon TCG,Japanese,スターターセット テラスタイプ：ステラ ニンフィアex,Sylveon ex Starter Set Tera Type: Stellar,SVLN,,,,2024,2024-08-30,Scarlet & Violet Era,22,22,"database.xlsx,tcgdex"
Pokémon TCG,Japanese,楽園ドラゴーナ,Paradise Dragona,SV7a,,,,2024,2024-09-13,Scarlet & Violet Era,64,94,"database.xlsx,tcgdex"
Pokémon TCG,Japanese,超電ブレイカー,Super Electric Breaker,SV8,,,,2024,2024-10-18,Scarlet & Violet Era,106,138,"database.xlsx,tcgdex"
Pokémon TCG,Japanese,Generations Starter Decks,Generations Starter Decks,SVM,,,,2024,2024-11-22,Scarlet & Violet Era,,0,database.xlsx
Pokémon TCG,Japanese,テラスタルフェスex,Terastal Festival ex,SV8a,,,,2024,2024-12-06,Scarlet & Violet Era,187,237,"database.xlsx,tcgdex"
Pokémon TCG,Japanese,Battle Partners Deck Build Box,Battle Partners Deck Build Box,SVN,,,,2025,2025-01-24,Scarlet & Violet Era,,0,database.xlsx
Pokémon TCG,Japanese,バトルパートナーズ,Battle Partners,SV9,,,,2025,2025-01-24,Scarlet & Violet Era,100,132,"database.xlsx,tcgdex"
Pokémon TCG,Japanese,Marnie's Morpeko & Grimmsnarl ex Starter Set ex,Marnie's Morpeko & Grimmsnarl ex Starter Set ex,SVOM,,,,2025,2025-02-21,Scarlet & Violet Era,,0,database.xlsx
Pokémon TCG,Japanese,Steven's Beldum & Metagross ex Starter Set ex,Steven's Beldum & Metagross ex Starter Set ex,SVOD,,,,2025,2025-02-21,Scarlet & Violet Era,,0,database.xlsx
Pokémon TCG,Japanese,熱風のアリーナ,Hot Air Arena,SV9a,,,,2025,2025-03-14,Scarlet & Violet Era,63,92,"database.xlsx,tcgdex"
Pokémon TCG,Japanese,ロケット団の栄光,The Glory of Team Rocket,SV10,,,,2025,2025-04-18,Scarlet & Violet Era,98,132,"database.xlsx,tcgdex"
Pokémon TCG,Japanese,ブラックボルト,Black Bolt,SV11B,,,,2025,2025-06-06,Scarlet & Violet Era,174,174,"database.xlsx,tcgdex"
Pokémon TCG,Japanese,ホワイトフレア,White Flare,SV11W,,,,2025,2025-06-06,Scarlet & Violet Era,86,174,"database.xlsx,tcgdex"
Pokémon TCG,Japanese,メガ プロモカード,Mega Evolution Promos,MP,,,,2025,2025-07-28,Mega Evolution Era,0,132,"database.xlsx,tcgdex"
Pokémon TCG,Japanese,MEGA Premium Trainer Box,MEGA Premium Trainer Box,MA,,,,2025,2025-08-01,Mega Evolution Era,,0,database.xlsx
Pokémon TCG,Japanese,Mega Evolution Energies,Mega Evolution Energies,,,,,2025,2025-08-01,Unnumbered Energies,,0,database.xlsx
Pokémon TCG,Japanese,メガシンフォニア,Mega Symphonia,M1S,,,,2025,2025-08-01,Mega Evolution Era,63,92,"database.xlsx,tcgdex"
Pokémon TCG,Japanese,メガブレイブ,Mega Brave,M1L,,,,2025,2025-08-01,Mega Evolution Era,63,92,"database.xlsx,tcgdex"
Pokémon TCG,Japanese,Mega Diancie ex Starter Set MEGA,Mega Diancie ex Starter Set MEGA,MBD,,,,2025,2025-09-05,Mega Evolution Era,,0,database.xlsx
Pokémon TCG,Japanese,Mega Gengar ex Starter Set MEGA,Mega Gengar ex Starter Set MEGA,MBG,,,,2025,2025-09-05,Mega Evolution Era,,0,database.xlsx
Pokémon TCG,Japanese,インフェルノX,Inferno X,M2,,,,2025,2025-09-26,Mega Evolution Era,80,116,"database.xlsx,tcgdex"
Pokémon TCG,Japanese,MEGAドリームex,MEGA Dream ex,M2a,,,,2025,2025-11-28,Mega Evolution Era,193,250,"database.xlsx,tcgdex"
Pokémon TCG,Japanese,Start Deck 100 Battle Collection CoroCiao Version,Start Deck 100 Battle Collection CoroCiao Version,MP1,,,,2025,2025-12-19,Mega Evolution Era,,0,database.xlsx
Pokémon TCG,Japanese,スタートデッキ100 バトルコレクション,Start Deck 100 Battle Collection,MC,,,,2025,2025-12-19,Mega Evolution Era,742,774,"database.xlsx,tcgdex"
Pokémon TCG,Japanese,ムニキスゼロ,Nullifying Zero,M3,,,,2026,2026-01-23,Mega Evolution Era,80,117,"database.xlsx,tcgdex"
Pokémon TCG,Japanese,ニンジャスピナー,Ninja Spinner,M4,,,,2026,2026-03-13,Mega Evolution Era,83,120,"database.xlsx,tcgdex"
Pokémon TCG,Japanese,アビスアイ,Abyss Eye,M5,,,,2026,2026-05-22,Mega Evolution Era,81,118,"database.xlsx,tcgdex"
Pokémon TCG,Japanese,Eevee ex Starter Set ex,Eevee ex Starter Set ex,MEE,,,,2026,2026-07-31,Mega Evolution Era,,0,database.xlsx
Pokémon TCG,Japanese,Sprigatito & Meowscarada ex Starter Set ex,Sprigatito & Meowscarada ex Starter Set ex,MEM,,,,2026,2026-07-31,Mega Evolution Era,,0,database.xlsx
Pokémon TCG,Japanese,Zorua & Zoroark ex Starter Set ex,Zorua & Zoroark ex Starter Set ex,MEZ,,,,2026,2026-07-31,Mega Evolution Era,,0,database.xlsx
Pokémon TCG,Japanese,ストームエメラルダ,Storm Emeralda,M6,,,,2026,2026-07-31,Mega Evolution Era,76,113,"database.xlsx,tcgdex"
Pokémon TCG,Japanese,30th Celebration,30th Celebration,M6a,,,,2026,2026-09-16,Mega Evolution Era,,0,database.xlsx
Pokémon TCG,Japanese,30th Celebration Premium Deck Set - Espeon & Umbreon,30th Celebration Premium Deck Set - Espeon & Umbreon,MF,,,,2026,2026-09-16,Mega Evolution Era,,0,database.xlsx
Pokémon TCG,Japanese,Bastiodon the Defender & Rampardos the Attacker Constructed Half Decks,Bastiodon the Defender & Rampardos the Attacker Constructed Half Decks,,,,,,,Diamond & Pearl Era,,0,database.xlsx
Pokémon TCG,Japanese,Dialga & Palkia LV.X Constructed Standard Decks,Dialga & Palkia LV.X Constructed Standard Decks,,,,,,,Diamond & Pearl Era,,0,database.xlsx
Pokémon TCG,Japanese,Leaders' Pokémon: Movie Limited Edition,Leaders' Pokémon: Movie Limited Edition,,,,,,,VS Era,,0,database.xlsx
Pokémon TCG,Japanese,Miscellaneous Decks,Miscellaneous Decks,,,,,,,Other,,0,database.xlsx
Pokémon TCG,Japanese,Miscellaneous Promos,Miscellaneous Promos,MP,,,,,,Other,,0,database.xlsx
Pokémon TCG,Japanese,Moonlit Pursuit & Dawn Dash,Moonlit Pursuit & Dawn Dash,DP4,,,,,,Other,,0,database.xlsx
Pokémon TCG,Japanese,Sun & Moon Promos,Sun & Moon Promos,SMP,,,,,,Sun & Moon Era,,0,database.xlsx
Pokémon TCG,Japanese,Sword & Shield Promos,Sword & Shield Promos,SP,,,,,,Sword & Shield Era,,0,database.xlsx
Pokémon TCG,Japanese,Tropical Mega Battle,Tropical Mega Battle,,,,,,,Other,,0,database.xlsx
Pokémon TCG,Japanese,XY Promos,XY Promos,XYP,,,,,,XY Era,,0,database.xlsx
Pokémon TCG,Korean,문 컬렉션,,SM1M,,,,2016,2016-12-09,썬&문,60,0,tcgdex
Pokémon TCG,Korean,썬 컬렉션,,SM1S,,,,2016,2016-12-09,썬&문,60,0,tcgdex
Pokémon TCG,Korean,알로라의 달빛,,SM2L,,,,2017,2017-03-17,썬&문,50,0,tcgdex
Pokémon TCG,Korean,알로라의 햇빛,,SM2K,,,,2017,2017-03-17,썬&문,50,0,tcgdex
Pokémon TCG,Korean,빛을 삼킨 어둠,,SM3N,,,,2017,2017-06-16,썬&문,51,0,tcgdex
Pokémon TCG,Korean,어둠을 밝힌 무지개,,SM3H,,,,2017,2017-06-16,썬&문,51,0,tcgdex
Pokémon TCG,Korean,각성의 용사,,SM4S,,,,2017,2017-09-15,썬&문,50,0,tcgdex
Pokémon TCG,Korean,초차원의 침략자,,SM4A,,,,2017,2017-09-15,썬&문,50,0,tcgdex
Pokémon TCG,Korean,울트라문,,SM5M,,,,2017,2017-12-08,썬&문,66,0,tcgdex
Pokémon TCG,Korean,울트라썬,,SM5S,,,,2017,2017-12-08,썬&문,66,0,tcgdex
Pokémon TCG,Korean,금단의 빛,,SM6,,,,2018,2018-03-02,썬&문,94,0,tcgdex
Pokémon TCG,Korean,드래곤스톰,,SM6a,,,,2018,2018-04-06,썬&문,53,0,tcgdex
Pokémon TCG,Korean,챔피언로드,,SM6b,,,,2018,2018-05-30,썬&문,66,0,tcgdex
Pokémon TCG,Korean,창공의 카리스마,,SM7,,,,2018,2018-06-01,썬&문,96,0,tcgdex
Pokémon TCG,Korean,페어리라이즈,,SM7b,,,,2018,2018-08-03,썬&문,50,0,tcgdex
Pokémon TCG,Korean,플라스마 스파크,,SM7a,,,,2018,2018-08-03,썬&문,50,0,tcgdex
Pokémon TCG,Korean,버스트임팩트,,SM8,,,,2018,2018-09-07,썬&문,95,0,tcgdex
Pokémon TCG,Korean,GX 울트라샤이니 ULTIMATE,,SM8b,,,,2018,2018-10-05,썬&문,150,0,tcgdex
Pokémon TCG,Korean,다크오더,,SM8a,,,,2018,2018-10-05,썬&문,52,0,tcgdex
Pokémon TCG,Korean,태그볼트,,SM9,,,,2018,2018-12-07,썬&문,95,0,tcgdex
Pokémon TCG,Korean,나이트유니슨,,SM9a,,,,2019,2019-01-11,썬&문,55,0,tcgdex
Pokémon TCG,Korean,풀메탈월,,SM9b,,,,2019,2019-02-01,썬&문,54,0,tcgdex
Pokémon TCG,Korean,더블블레이즈,,SM10,,,,2019,2019-03-01,썬&문,95,0,tcgdex
Pokémon TCG,Korean,GG엔드,,SM10a,,,,2019,2019-04-05,썬&문,54,0,tcgdex
Pokémon TCG,Korean,명탐정 피카츄,,SMP2,,,,2019,2019-04-26,썬&문,24,0,tcgdex
Pokémon TCG,Korean,스카이레전드,,SM10b,,,,2019,2019-04-26,썬&문,56,0,tcgdex
Pokémon TCG,Korean,미라클트윈,,SM11,,,,2019,2019-05-31,썬&문,94,0,tcgdex
Pokémon TCG,Korean,리믹스바우트,,SM11a,,,,2019,2019-07-05,썬&문,64,0,tcgdex
Pokémon TCG,Korean,드림리그,,SM11b,,,,2019,2019-08-02,썬&문,49,0,tcgdex
Pokémon TCG,Korean,얼터제네시스,,SM12,,,,2019,2019-09-06,썬&문,95,0,tcgdex
Pokémon TCG,Korean,TAG TEAM GX 태그올스타즈,,SM12a,,,,2019,2019-10-04,썬&문,173,0,tcgdex
Pokémon TCG,Korean,소드,,S1W,,,,2019,2019-12-06,검과 방패,60,0,tcgdex
Pokémon TCG,Korean,실드,,S1H,,,,2019,2019-12-06,검과 방패,60,0,tcgdex
Pokémon TCG,Korean,VMAX라이징,,S1a,,,,2020,2020-02-07,검과 방패,70,0,tcgdex
Pokémon TCG,Korean,반역크래시,,S2,,,,2020,2020-03-06,검과 방패,96,0,tcgdex
Pokémon TCG,Korean,폭염워커,,S2a,,,,2020,2020-04-24,검과 방패,70,0,tcgdex
Pokémon TCG,Korean,무한존,,S3,,,,2020,2020-06-05,검과 방패,100,0,tcgdex
Pokémon TCG,Korean,전설의 고동,,S3a,,,,2020,2020-07-10,검과 방패,76,0,tcgdex
Pokémon TCG,Korean,앙천의 볼트태클,,S4,,,,2020,2020-09-18,검과 방패,100,0,tcgdex
Pokémon TCG,Korean,샤이니스타V,,S4a,,,,2020,2020-11-20,검과 방패,190,0,tcgdex
Pokémon TCG,Korean,연격마스터,,S5R,,,,2021,2021-01-22,검과 방패,70,0,tcgdex
Pokémon TCG,Korean,일격마스터,,S5I,,,,2021,2021-01-22,검과 방패,70,0,tcgdex
Pokémon TCG,Korean,쌍벽의 파이터,,S5a,,,,2021,2021-03-19,검과 방패,70,0,tcgdex
Pokémon TCG,Korean,백은의 랜스,,S6H,,,,2021,2021-04-23,검과 방패,70,0,tcgdex
Pokémon TCG,Korean,칠흑의 가이스트,,S6K,,,,2021,2021-04-23,검과 방패,70,0,tcgdex
Pokémon TCG,Korean,이브이 히어로즈,,S6a,,,,2021,2021-05-28,검과 방패,69,0,tcgdex
Pokémon TCG,Korean,마천퍼펙트,,S7D,,,,2021,2021-07-09,검과 방패,67,0,tcgdex
Pokémon TCG,Korean,창공의스트림,,S7R,,,,2021,2021-07-09,검과 방패,67,0,tcgdex
Pokémon TCG,Korean,퓨전아츠,,S8,,,,2021,2021-09-24,검과 방패,100,0,tcgdex
Pokémon TCG,Korean,25th Anniversary,,S8a,,,,2021,2021-10-22,검과 방패,28,0,tcgdex
Pokémon TCG,Korean,VMAX 클라이맥스,,S8b,,,,2021,2021-12-03,검과 방패,184,0,tcgdex
Pokémon TCG,Korean,스타버스,,S9,,,,2022,2022-01-14,검과 방패,100,0,tcgdex
Pokémon TCG,Korean,배틀리전,,S9a,,,,2022,2022-02-25,검과 방패,67,0,tcgdex
Pokémon TCG,Korean,스페이스저글러,,S10P,,,,2022,2022-04-08,검과 방패,67,0,tcgdex
Pokémon TCG,Korean,타임게이저,,S10D,,,,2022,2022-04-08,검과 방패,67,0,tcgdex
Pokémon TCG,Korean,다크판타스마,,S10a,,,,2022,2022-05-13,검과 방패,71,0,tcgdex
Pokémon TCG,Korean,Pokémon GO,,S10b,,,,2022,2022-06-17,검과 방패,71,0,tcgdex
Pokémon TCG,Korean,트리플렛비트,,S11,,,,2022,2022-07-15,검과 방패,100,0,tcgdex
Pokémon TCG,Korean,백열의 아르카나,,S11a,,,,2022,2022-09-02,검과 방패,68,0,tcgdex
Pokémon TCG,Korean,패러다임트리거,,S12,,,,2022,2022-10-21,검과 방패,98,0,tcgdex
Pokémon TCG,Korean,VSTAR 유니버스,,S12a,,,,2022,2022-12-02,검과 방패,172,0,tcgdex
Pokémon TCG,Korean,바이올렛ex,,SV1V,,,,2023,2023-01-20,스칼렛・바이올렛,78,0,tcgdex
Pokémon TCG,Korean,스칼렛ex,,SV1S,,,,2023,2023-01-20,스칼렛・바이올렛,78,0,tcgdex
Pokémon TCG,Korean,트리플렛비트,,SV1a,,,,2023,2023-03-10,스칼렛・바이올렛,73,0,tcgdex
Pokémon TCG,Korean,스노해저드,,SV2P,,,,2023,2023-04-14,스칼렛・바이올렛,71,0,tcgdex
Pokémon TCG,Korean,클레이버스트,,SV2D,,,,2023,2023-04-14,스칼렛・바이올렛,71,0,tcgdex
Pokémon TCG,Korean,포켓몬 카드 151,,SV2a,,,,2023,2023-06-16,스칼렛・바이올렛,165,0,tcgdex
Pokémon TCG,Korean,흑염의 지배자,,SV3,,,,2023,2023-07-28,스칼렛・바이올렛,108,0,tcgdex
Pokémon TCG,Korean,레이징서프,,SV3a,,,,2023,2023-09-22,스칼렛・바이올렛,62,0,tcgdex
Pokémon TCG,Korean,고대의 포효,,SV4K,,,,2023,2023-10-27,스칼렛・바이올렛,66,95,tcgdex
Pokémon TCG,Korean,미래의 일섬,,SV4M,,,,2023,2023-10-27,스칼렛・바이올렛,66,95,tcgdex
Pokémon TCG,Korean,샤이니트레저 ex,,SV4a,,,,2023,2023-12-01,스칼렛・바이올렛,190,0,tcgdex
Pokémon TCG,Korean,사이버저지,,SV5M,,,,2024,2024-01-26,스칼렛・바이올렛,71,0,tcgdex
Pokémon TCG,Korean,와일드포스,,SV5K,,,,2024,2024-01-26,스칼렛・바이올렛,71,49,tcgdex
Pokémon TCG,Korean,트리플렛비트,,CS1.5,,,,2024,2024-04-26,검과 방패,101,0,tcgdex
Pokémon TCG,Korean,트리플렛비트,,CS1a,,,,2024,2024-04-26,검과 방패,101,0,tcgdex
Pokémon TCG,Korean,트리플렛비트,,CS1b,,,,2024,2024-04-26,검과 방패,101,0,tcgdex
Pokémon TCG,Korean,트리플렛비트,,CS2.5,,,,2024,2024-04-26,검과 방패,101,0,tcgdex
Pokémon TCG,Korean,트리플렛비트,,CS2a,,,,2024,2024-04-26,검과 방패,101,0,tcgdex
Pokémon TCG,Korean,트리플렛비트,,CS2b,,,,2024,2024-04-26,검과 방패,101,0,tcgdex
Pokémon TCG,Korean,트리플렛비트,,CS3.5,,,,2024,2024-04-26,검과 방패,101,0,tcgdex
Pokémon TCG,Korean,트리플렛비트,,CS3D,,,,2024,2024-04-26,검과 방패,101,0,tcgdex
Pokémon TCG,Korean,트리플렛비트,,CS3a,,,,2024,2024-04-26,검과 방패,101,0,tcgdex
Pokémon TCG,Korean,트리플렛비트,,CS3b,,,,2024,2024-04-26,검과 방패,101,0,tcgdex
Pokémon TCG,Korean,트리플렛비트,,CS4,,,,2024,2024-04-26,검과 방패,101,0,tcgdex
Pokémon TCG,Korean,트리플렛비트,,CS4Da,,,,2024,2024-04-26,검과 방패,101,0,tcgdex
Pokémon TCG,Korean,트리플렛비트,,CS4a,,,,2024,2024-04-26,검과 방패,101,0,tcgdex
Pokémon TCG,Korean,트리플렛비트,,CS4b,,,,2024,2024-04-26,검과 방패,101,0,tcgdex
Pokémon TCG,Korean,트리플렛비트,,CSA,,,,2024,2024-04-26,검과 방패,101,0,tcgdex
Pokémon TCG,Korean,크림슨헤이즈,,SV5a,,,,2024,2024-05-24,스칼렛・바이올렛,66,0,tcgdex
Pokémon TCG,Korean,변환의 가면,,SV6,,,,2024,2024-06-21,스칼렛・바이올렛,101,0,tcgdex
Pokémon TCG,Dutch,Basis Set,,BS,,,,1999,1999-01-09,Basis,102,0,tcgdex
Pokémon TCG,Dutch,Jungle,,JU,,,,1999,1999-06-16,Basis,64,0,tcgdex
Pokémon TCG,Dutch,Fossiel,,FO,,,,1999,1999-10-10,Basis,62,0,tcgdex
Pokémon TCG,Polish,Diament i Perla,,DP,,,,2007,2007-05-01,Diament i Perla,130,0,tcgdex
Pokémon TCG,Polish,Tajemne Skarby,,MT,,,,2007,2007-08-01,Diament i Perla,123,0,tcgdex
Pokémon TCG,Portuguese,Coleção Básica,,BS,,,,1999,1999-01-09,Coleção Básica,102,0,tcgdex
Pokémon TCG,Portuguese,Selva,,JU,,,,1999,1999-06-16,Coleção Básica,64,0,tcgdex
Pokémon TCG,Portuguese,Fóssil,,FO,,,,1999,1999-10-10,Coleção Básica,62,0,tcgdex
Pokémon TCG,Portuguese,EX Rubi e Safira,,RS,,,,2003,2003-07-01,EX,109,0,tcgdex
Pokémon TCG,Portuguese,EX O Retorno da Equipe Rocket,,TR,,,,2004,2004-11-01,EX,109,0,tcgdex
Pokémon TCG,Portuguese,EX Deoxys,,DX,,,,2005,2005-02-01,EX,107,0,tcgdex
Pokémon TCG,Portuguese,EX Esmeralda,,EM,,,,2005,2005-05-09,EX,106,0,tcgdex
Pokémon TCG,Portuguese,EX Forças Ocultas,,UF,,,,2005,2005-08-22,EX,115,0,tcgdex
Pokémon TCG,Portuguese,Diamante & Pérola,,DP,,,,2007,2007-05-01,Diamante & Pérola,130,0,tcgdex
Pokémon TCG,Portuguese,Tesouros Misteriosos,,MT,,,,2007,2007-08-01,Diamante & Pérola,123,0,tcgdex
Pokémon TCG,Portuguese,Maravilhas Secretas,,SW,,,,2007,2007-11-01,Diamante & Pérola,132,0,tcgdex
Pokémon TCG,Portuguese,HeartGold SoulSilver,,HS,,,,2010,2010-02-10,HeartGold SoulSilver,123,0,tcgdex
Pokémon TCG,Portuguese,Revelado,,UL,,,,2010,2010-05-12,HeartGold SoulSilver,95,0,tcgdex
Pokémon TCG,Portuguese,Destemido,,UND,,,,2010,2010-08-18,HeartGold SoulSilver,90,0,tcgdex
Pokémon TCG,Portuguese,Triunfante,,TRI,,,,2010,2010-11-03,HeartGold SoulSilver,102,0,tcgdex
Pokémon TCG,Portuguese,Chamado das Lendas,,COL,,,,2011,2011-02-09,Chamado das Lendas,95,0,tcgdex
Pokémon TCG,Portuguese,Black & White,,BLW,,,,2011,2011-04-25,Black & White,114,115,tcgdex
Pokémon TCG,Portuguese,Poderes Emergentes,,EP,,,,2011,2011-08-31,Black & White,98,98,tcgdex
Pokémon TCG,Portuguese,Vitórias Nobres,,NVI,,,,2011,2011-11-16,Black & White,101,102,tcgdex
Pokémon TCG,Portuguese,Próximos Destinos,,NXD,,,,2012,2012-02-08,Black & White,99,103,tcgdex
Pokémon TCG,Portuguese,Exploradores da Escuridão,,DEX,,,,2012,2012-05-09,Black & White,108,111,tcgdex
Pokémon TCG,Portuguese,Dragões Enaltecidos,,DRX,,,,2012,2012-08-15,Black & White,124,128,tcgdex
Pokémon TCG,Portuguese,Cofre do Dragão,,DRV,,,,2012,2012-10-05,Black & White,20,0,tcgdex
Pokémon TCG,Portuguese,Fronteiras Cruzadas,,BCR,,,,2012,2012-11-07,Black & White,149,153,tcgdex
Pokémon TCG,Portuguese,Tempestade de Plasma,,PLS,,,,2013,2013-02-06,Black & White,135,138,tcgdex
Pokémon TCG,Portuguese,Congelamento de Plasma,,PLF,,,,2013,2013-05-08,Black & White,116,122,tcgdex
Pokémon TCG,Portuguese,Explosão de Plasma,,PLB,,,,2013,2013-08-14,Black & White,101,105,tcgdex
Pokémon TCG,Portuguese,Tesouros Lendários,,LTR,,,,2013,2013-11-06,Black & White,113,0,tcgdex
Pokémon TCG,Portuguese,Conjunto para Iniciantes Kalos,,KSS,,,,2013,2013-11-08,XY,39,39,tcgdex
Pokémon TCG,Portuguese,XY,,XY,,,,2014,2014-02-05,XY,146,146,tcgdex
Pokémon TCG,Portuguese,Flash de Fogo,,FLF,,,,2014,2014-05-07,XY,106,109,tcgdex
Pokémon TCG,Portuguese,Punhos Furiosos,,FFI,,,,2014,2014-08-13,XY,111,113,tcgdex
Pokémon TCG,Portuguese,Força Fantasma,,PHF,,,,2014,2014-11-05,XY,119,122,tcgdex
Pokémon TCG,Portuguese,Conflito Primitivo,,PRC,,,,2015,2015-02-04,XY,160,164,tcgdex
Pokémon TCG,Portuguese,Crise Dupla,,DCR,,,,2015,2015-03-25,XY,34,34,tcgdex
Pokémon TCG,Portuguese,Céus Estrondosos,,ROS,,,,2015,2015-05-06,XY,108,110,tcgdex
Pokémon TCG,Portuguese,Origens Ancestrais,,AOR,,,,2015,2015-08-12,XY,98,100,tcgdex
Pokémon TCG,Portuguese,Turbo Revolução,,BKT,,,,2015,2015-11-04,XY,162,164,tcgdex
Pokémon TCG,Portuguese,Turbo Colisão,,BKP,,,,2016,2016-02-03,XY,122,123,tcgdex
Pokémon TCG,Portuguese,Gerações,,GEN,,,,2016,2016-02-22,XY,83,0,tcgdex
Pokémon TCG,Portuguese,Fusão de Destinos,,FCO,,,,2016,2016-05-02,XY,124,125,tcgdex
Pokémon TCG,Portuguese,Cerco de Vapor,,STS,,,,2016,2016-08-03,XY,114,116,tcgdex
Pokémon TCG,Portuguese,Evoluções,,EVO,,,,2016,2016-11-02,XY,108,113,tcgdex
Pokémon TCG,Portuguese,Sol e Lua,,SUM,,,,2017,2017-02-03,Sol e Lua,149,163,tcgdex
Pokémon TCG,Portuguese,Sol e Lua Promos,,SMP,,,,2017,2017-02-03,Sol e Lua,248,240,tcgdex
Pokémon TCG,Portuguese,Guardiões Ascendentes,,GRI,,,,2017,2017-05-05,Sol e Lua,145,169,tcgdex
Pokémon TCG,Portuguese,Sombras Ardentes,,BUS,,,,2017,2017-08-04,Sol e Lua,147,169,tcgdex
Pokémon TCG,Portuguese,Lendas Luminescentes,,SLG,,,,2017,2017-10-06,Sol e Lua,73,78,tcgdex
Pokémon TCG,Portuguese,Invasão Carmim,,CIN,,,,2017,2017-11-03,Sol e Lua,111,124,tcgdex
Pokémon TCG,Portuguese,Ultra Prisma,,UPR,,,,2018,2018-02-02,Sol e Lua,156,173,tcgdex
Pokémon TCG,Portuguese,Luz Proibida,,FLI,,,,2018,2018-05-04,Sol e Lua,131,146,tcgdex
Pokémon TCG,Portuguese,Tempestade Celestial,,CES,,,,2018,2018-08-03,Sol e Lua,168,183,tcgdex
Pokémon TCG,Portuguese,Dragões Soberanos,,DRM,,,,2018,2018-09-07,Sol e Lua,70,78,tcgdex
Pokémon TCG,Portuguese,Trovões Perdidos,,LOT,,,,2018,2018-11-02,Sol e Lua,214,236,tcgdex
Pokémon TCG,Portuguese,União de Aliados,,TEU,,,,2019,2019-01-31,Sol e Lua,181,196,tcgdex
Pokémon TCG,Portuguese,Detetive Pikachu,,DET,,,,2019,2019-03-29,Sol e Lua,18,18,tcgdex
Pokémon TCG,Portuguese,Elos Inquebráveis,,UNB,,,,2019,2019-05-03,Sol e Lua,214,234,tcgdex
Pokémon TCG,Portuguese,Sintonia Mental,,UNM,,,,2019,2019-08-02,Sol e Lua,236,258,tcgdex
Pokémon TCG,Portuguese,Destinos Ocultos,,HIF,,,,2019,2019-08-23,Sol e Lua,68,0,tcgdex
Pokémon TCG,Portuguese,Destinos Ocultos Cofre Brilhante,,sma,,,,2019,2019-08-23,Sol e Lua,94,0,tcgdex
Pokémon TCG,Portuguese,Eclipse Cósmico,,CEC,,,,2019,2019-11-01,Sol e Lua,236,271,tcgdex
Pokémon TCG,Portuguese,ESES Promos,,swshp,,,,2019,2019-11-15,Espada e Escudo,307,302,tcgdex
Pokémon TCG,Portuguese,Espada e Escudo,,SSH,,,,2020,2020-02-07,Espada e Escudo,202,216,tcgdex
Pokémon TCG,Portuguese,Rixa Rebelde,,RCL,,,,2020,2020-05-01,Espada e Escudo,192,209,tcgdex
Pokémon TCG,Portuguese,Escuridão Incandescente,,DAA,,,,2020,2020-08-14,Espada e Escudo,189,201,tcgdex
Pokémon TCG,Portuguese,Caminho do Campeão,,CPA,,,,2020,2020-09-25,Espada e Escudo,73,80,tcgdex
Pokémon TCG,Portuguese,Voltagem Vívida,,VIV,,,,2020,2020-11-13,Espada e Escudo,185,203,tcgdex
Pokémon TCG,Portuguese,Destinos Brilhantes,,SHF,,,,2021,2021-02-19,Espada e Escudo,72,73,tcgdex
Pokémon TCG,Portuguese,Destinos Brilhantes Cofre Brilhante,,SHF:SV,,,,2021,2021-02-19,Espada e Escudo,122,122,tcgdex
Pokémon TCG,Portuguese,Estilos de Batalha,,BST,,,,2021,2021-03-19,Espada e Escudo,163,183,tcgdex
Pokémon TCG,Portuguese,Reinado Arrepiante,,CRE,,,,2021,2021-06-18,Espada e Escudo,198,233,tcgdex
Pokémon TCG,Portuguese,Céus em Evolução,,EVS,,,,2021,2021-08-27,Espada e Escudo,203,237,tcgdex
Pokémon TCG,Portuguese,Celebrações,,CEL,,,,2021,2021-10-08,Espada e Escudo,25,25,tcgdex
Pokémon TCG,Portuguese,Celebrações Coleção Clássica,,CEL:CC,,,,2021,2021-10-08,Espada e Escudo,25,0,tcgdex
Pokémon TCG,Portuguese,Golpe Fusão,,FST,,,,2021,2021-11-12,Espada e Escudo,264,284,tcgdex
Pokémon TCG,Portuguese,Astros Cintilantes,,BRS,,,,2022,2022-02-25,Espada e Escudo,172,186,tcgdex
Pokémon TCG,Portuguese,Astros Cintilantes Galeria de Treinador,,BRS:TG,,,,2022,2022-02-25,Espada e Escudo,30,30,tcgdex
Pokémon TCG,Portuguese,Estrelas Radiantes,,ASR,,,,2022,2022-05-27,Espada e Escudo,189,216,tcgdex
Pokémon TCG,Portuguese,Estrelas Radiantes Galeria de Treinador,,ASR:TG,,,,2022,2022-05-27,Espada e Escudo,30,30,tcgdex
Pokémon TCG,Portuguese,Pokémon GO,,PGO,,,,2022,2022-07-01,Espada e Escudo,78,88,tcgdex
Pokémon TCG,Portuguese,Origem Perdida,,LOR,,,,2022,2022-09-09,Espada e Escudo,196,217,tcgdex
Pokémon TCG,Portuguese,Origem Perdida Galeria de Treinador,,LOR:TG,,,,2022,2022-09-09,Espada e Escudo,30,30,tcgdex
Pokémon TCG,Portuguese,Tempestade Prateada,,SIT,,,,2022,2022-11-11,Espada e Escudo,195,215,tcgdex
Pokémon TCG,Portuguese,Tempestade Prateada Galeria de Treinador,,SIT:TG,,,,2022,2022-11-11,Espada e Escudo,30,30,tcgdex
Pokémon TCG,Portuguese,Realeza Absoluta,,CRZ,,,,2023,2023-01-20,Espada e Escudo,159,160,tcgdex
Pokémon TCG,Portuguese,Realeza Absoluta Galeria de Galar,,CRZ:GG,,,,2023,2023-01-20,Espada e Escudo,70,70,tcgdex
Pokémon TCG,Portuguese,Escarlate e Violeta,,SVI,,,,2023,2023-03-31,Escarlate e Violeta,198,258,tcgdex
Pokémon TCG,Portuguese,Escarlate e Violeta Energia,,SVE,,,,2023,2023-03-31,Escarlate e Violeta,24,24,tcgdex
Pokémon TCG,Portuguese,SVP Black Star Promos,,SVP,,,,2023,2023-03-31,Escarlate e Violeta,225,218,tcgdex
Pokémon TCG,Portuguese,Evoluções em Paldea,,PAL,,,,2023,2023-06-09,Escarlate e Violeta,193,279,tcgdex
Pokémon TCG,Portuguese,Obsidiana em Chamas,,OBF,,,,2023,2023-08-11,Escarlate e Violeta,197,230,tcgdex
Pokémon TCG,Portuguese,151,,MEW,,,,2023,2023-09-22,Escarlate e Violeta,165,207,tcgdex
Pokémon TCG,Portuguese,Fenda Paradoxal,,PAR,,,,2023,2023-11-03,Escarlate e Violeta,182,266,tcgdex
Pokémon TCG,Portuguese,Destinos de Paldea,,PAF,,,,2024,2024-01-26,Escarlate e Violeta,91,245,tcgdex
Pokémon TCG,Portuguese,Forças Temporais,,TEF,,,,2024,2024-03-22,Escarlate e Violeta,162,218,tcgdex
Pokémon TCG,Portuguese,Máscaras do Crepúsculo,,TWM,,,,2024,2024-05-24,Escarlate e Violeta,167,226,tcgdex
Pokémon TCG,Portuguese,Fábulas Nebulosas,,SFA,,,,2024,2024-08-02,Escarlate e Violeta,64,99,tcgdex
Pokémon TCG,Portuguese,Coroa Estelar,,SCR,,,,2024,2024-09-13,Escarlate e Violeta,142,175,tcgdex
Pokémon TCG,Portuguese,Dominação Genética,,A1,,,,2024,2024-10-30,Pokémon Estampas Ilustradas Pocket,226,0,tcgdex
Pokémon TCG,Portuguese,Promo-A,,P-A,,,,2024,2024-10-30,Pokémon Estampas Ilustradas Pocket,0,0,tcgdex
Pokémon TCG,Portuguese,Fagulhas Impetuosas,,SSP,,,,2024,2024-11-08,Escarlate e Violeta,191,252,tcgdex
Pokémon TCG,Portuguese,Ilha Mítica,,A1a,,,,2024,2024-12-17,Pokémon Estampas Ilustradas Pocket,68,0,tcgdex
Pokémon TCG,Portuguese,Evoluções Prismáticas,,PRE,,,,2025,2025-01-17,Escarlate e Violeta,131,180,tcgdex
Pokémon TCG,Portuguese,Embate do Tempo e Espaço,,A2,,,,2025,2025-01-30,Pokémon Estampas Ilustradas Pocket,140,0,tcgdex
Pokémon TCG,Portuguese,Luz Triunfante,,A2a,,,,2025,2025-02-28,Pokémon Estampas Ilustradas Pocket,75,0,tcgdex
Pokémon TCG,Portuguese,Festival Brilhante,,A2b,,,,2025,2025-03-27,Pokémon Estampas Ilustradas Pocket,72,0,tcgdex
Pokémon TCG,Portuguese,Amigos de Jornada,,JTG,,,,2025,2025-03-28,Escarlate e Violeta,159,190,tcgdex
Pokémon TCG,Portuguese,Guardiões Celestiais,,A3,,,,2025,2025-04-30,Pokémon Estampas Ilustradas Pocket,155,0,tcgdex
Pokémon TCG,Portuguese,Rivais Predestinados,,DRI,,,,2025,2025-05-30,Escarlate e Violeta,182,244,tcgdex
Pokémon TCG,Portuguese,Fogo Branco,,WHT,,,,2025,2025-07-17,Escarlate e Violeta,86,173,tcgdex
Pokémon TCG,Portuguese,Raio Preto,,BLK,,,,2025,2025-07-17,Escarlate e Violeta,86,172,tcgdex
Pokémon TCG,Portuguese,Nascentes Reclusas,,A4a,,,,2025,2025-08-28,Pokémon Estampas Ilustradas Pocket,71,0,tcgdex
Pokémon TCG,Portuguese,Megaevolução Energia,,MEE,,,,2025,2025-09-25,Megaevolução,8,8,tcgdex
Pokémon TCG,Portuguese,MEP Black Star Promos,,MEP,,,,2025,2025-09-26,Megaevolução,0,88,tcgdex
Pokémon TCG,Portuguese,Megaevolução,,MEG,,,,2025,2025-09-26,Megaevolução,132,188,tcgdex
Pokémon TCG,Portuguese,Fogo Fantasmagórico,,PFL,,,,2025,2025-11-14,Megaevolução,94,130,tcgdex
Pokémon TCG,Portuguese,Chama Carmesim,,B1a,,,,2025,2025-12-17,Pokémon Estampas Ilustradas Pocket,69,0,tcgdex
Pokémon TCG,Portuguese,Desfile Onírico,,B2,,,,2026,2026-01-29,Pokémon Estampas Ilustradas Pocket,155,0,tcgdex
Pokémon TCG,Portuguese,Heróis Excelsos,,ASC,,,,2026,2026-01-30,Megaevolução,217,295,tcgdex
Pokémon TCG,Portuguese,Paldean Wonders,,B2a,,,,2026,2026-02-26,Pokémon Estampas Ilustradas Pocket,93,0,tcgdex
Pokémon TCG,Portuguese,Equilíbrio Perfeito,,POR,,,,2026,2026-03-27,Megaevolução,88,124,tcgdex
Pokémon TCG,Portuguese,Caos Ascendente,,CRI,,,,2026,2026-05-22,Megaevolução,86,122,tcgdex
Pokémon TCG,Portuguese,Escuridão Absoluta,,PBL,,,,2026,2026-07-17,Megaevolução,84,120,tcgdex
Pokémon TCG,Portuguese (Brazil),Dominação Genética,,A1,,,,2024,2024-10-30,Pokémon Estampas Ilustradas Pocket,226,286,tcgdex
Pokémon TCG,Portuguese (Brazil),Promo-A,,P-A,,,,2024,2024-10-30,Pokémon Estampas Ilustradas Pocket,0,73,tcgdex
Pokémon TCG,Portuguese (Brazil),Ilha Mítica,,A1a,,,,2024,2024-12-17,Pokémon Estampas Ilustradas Pocket,68,86,tcgdex
Pokémon TCG,Portuguese (Brazil),Embate do Tempo e Espaço,,A2,,,,2025,2025-01-30,Pokémon Estampas Ilustradas Pocket,140,207,tcgdex
Pokémon TCG,Portuguese (Brazil),Luz Triunfante,,A2a,,,,2025,2025-02-28,Pokémon Estampas Ilustradas Pocket,75,96,tcgdex
Pokémon TCG,Portuguese (Brazil),Festival Brilhante,,A2b,,,,2025,2025-03-27,Pokémon Estampas Ilustradas Pocket,72,111,tcgdex
Pokémon TCG,Portuguese (Brazil),Guardiões Celestiais,,A3,,,,2025,2025-04-30,Pokémon Estampas Ilustradas Pocket,155,239,tcgdex
Pokémon TCG,Portuguese (Brazil),Nascentes Reclusas,,A4a,,,,2025,2025-08-28,Pokémon Estampas Ilustradas Pocket,71,0,tcgdex
Pokémon TCG,Portuguese (Brazil),Chama Carmesim,,B1a,,,,2025,2025-12-17,Pokémon Estampas Ilustradas Pocket,69,0,tcgdex
Pokémon TCG,Portuguese (Brazil),Desfile Onírico,,B2,,,,2026,2026-01-29,Pokémon Estampas Ilustradas Pocket,155,0,tcgdex
Pokémon TCG,Portuguese (Brazil),Paldean Wonders,,B2a,,,,2026,2026-02-26,Pokémon Estampas Ilustradas Pocket,93,26,tcgdex
Pokémon TCG,Russian,Стартовый Набор Калоса,,KSS,,,,2013,2013-11-08,XY,39,0,tcgdex
Pokémon TCG,Russian,XY,,XY,,,,2014,2014-02-05,XY,146,0,tcgdex
Pokémon TCG,Russian,Огненная Вспышка,,FLF,,,,2014,2014-05-07,XY,106,0,tcgdex
Pokémon TCG,Russian,Яростный Кулак,,FFI,,,,2014,2014-08-13,XY,111,0,tcgdex
Pokémon TCG,Russian,Призрачные Силы,,PHF,,,,2014,2014-11-05,XY,119,0,tcgdex
Pokémon TCG,Russian,Первобытная Дуэль,,PRC,,,,2015,2015-02-04,XY,160,0,tcgdex
Pokémon TCG,Russian,Грохочущие Небеса,,ROS,,,,2015,2015-05-06,XY,108,0,tcgdex
Pokémon TCG,Russian,Древние Истоки,,AOR,,,,2015,2015-08-12,XY,98,0,tcgdex
Pokémon TCG,Russian,Турбо Импульс,,BKT,,,,2015,2015-11-04,XY,162,0,tcgdex
Pokémon TCG,Thai,ซอร์ด แอนด์ ชีลด์,,SC1D,,,,2020,2020-09-08,ซอร์ด แอนด์ ชีลด์,164,0,tcgdex
Pokémon TCG,Thai,ซอร์ด แอนด์ ชีลด์ ชุด A,,SC1a,,,,2020,2020-09-08,ซอร์ด แอนด์ ชีลด์,154,0,tcgdex
Pokémon TCG,Thai,ซอร์ด แอนด์ ชีลด์ ชุด B,,SC1b,,,,2020,2020-09-08,ซอร์ด แอนด์ ชีลด์,153,0,tcgdex
Pokémon TCG,Thai,V Starter Deck บัดดี้,,SCA,,,,2021,2021-01-29,ซอร์ด แอนด์ ชีลด์,135,0,tcgdex
Pokémon TCG,Thai,ชนี VMAX คอลเลกชัน ชุด A,,SC3a,,,,2021,2021-01-29,ซอร์ด แอนด์ ชีลด์,159,0,tcgdex
Pokémon TCG,Thai,ชนี VMAX คอลเลกชัน ชุด B,,SC3b,,,,2021,2021-01-29,ซอร์ด แอนด์ ชีลด์,158,0,tcgdex
Pokémon TCG,Thai,ชาเลนจ์,,SCB,,,,2021,2021-03-26,ซอร์ด แอนด์ ชีลด์,156,0,tcgdex
Pokémon TCG,Thai,มาสเตอร์จู่โจมครั้งเดียว,,S5I,,,,2021,2021-03-26,ซอร์ด แอนด์ ชีลด์,70,68,tcgdex
Pokémon TCG,Thai,มาสเตอร์จู่โจมต่อเนื่อง,,S5R,,,,2021,2021-03-26,ซอร์ด แอนด์ ชีลด์,70,59,tcgdex
Pokémon TCG,Thai,สองยอดนักสู้,,S5a,,,,2021,2021-04-30,ซอร์ด แอนด์ ชีลด์,70,70,tcgdex
Pokémon TCG,Thai,ภูตทมิฬ,,S6K,,,,2021,2021-05-28,ซอร์ด แอนด์ ชีลด์,70,0,tcgdex
Pokémon TCG,Thai,หอกหิมะขาว,,S6H,,,,2021,2021-05-28,ซอร์ด แอนด์ ชีลด์,70,0,tcgdex
Pokémon TCG,Thai,อีวุยฮีโร,,S6a,,,,2021,2021-06-25,ซอร์ด แอนด์ ชีลด์,69,0,tcgdex
Pokémon TCG,Thai,อีโวลู,,SCC,,,,2021,2021-07-30,ซอร์ด แอนด์ ชีลด์,172,0,tcgdex
Pokémon TCG,Thai,สายน้ำแห่งนภา,,S7R,,,,2021,2021-08-27,ซอร์ด แอนด์ ชีลด์,67,0,tcgdex
Pokémon TCG,Thai,เพอร์เฟคระฟ้า,,S7D,,,,2021,2021-08-27,ซอร์ด แอนด์ ชีลด์,67,0,tcgdex
Pokémon TCG,Thai,คอลเลกชันฉลองครบรอบ 25 ปี,,S8a,,,,2021,2021-10-29,ซอร์ด แอนด์ ชีลด์,28,0,tcgdex
Pokémon TCG,Thai,ฟิวชันอาร์ต,,S8,,,,2021,2021-11-26,ซอร์ด แอนด์ ชีลด์,100,0,tcgdex
Pokémon TCG,Thai,โปเกมอนเทรดดิ้งการ์ดเกม ชุดแฟมิลีแฮปปี้,,SH,,,,2021,2021-11-26,ซอร์ด แอนด์ ชีลด์,38,0,tcgdex
Pokémon TCG,Thai,VMAX ไคลแมกซ์,,S8b,,,,2021,2021-12-17,ซอร์ด แอนด์ ชีลด์,184,0,tcgdex
Pokémon TCG,Thai,Starter Deck เกรทพาวเวอร์,,SCD,,,,2022,2022-01-28,ซอร์ด แอนด์ ชีลด์,159,0,tcgdex
Pokémon TCG,Thai,เกรทพาวเวอร์,,SCE,,,,2022,2022-01-28,ซอร์ด แอนด์ ชีลด์,173,0,tcgdex
Pokémon TCG,Thai,สตาร์เบิร์ท,,S9,,,,2022,2022-02-25,ซอร์ด แอนด์ ชีลด์,100,0,tcgdex
Pokémon TCG,Thai,พสุธามหายุทธ,,S9a,,,,2022,2022-04-29,ซอร์ด แอนด์ ชีลด์,67,0,tcgdex
Pokémon TCG,Thai,การ์ดโปรโม ซอร์ด แอนด์ ชีลด์,,S-P,,,,2022,2022-05-11,ซอร์ด แอนด์ ชีลด์,0,0,tcgdex
Pokémon TCG,Thai,จอมมายาผ่ามิติ,,S10P,,,,2022,2022-05-27,ซอร์ด แอนด์ ชีลด์,67,0,tcgdex
Pokémon TCG,Thai,เจ้าแห่งกาลเวลา,,S10D,,,,2022,2022-05-27,ซอร์ด แอนด์ ชีลด์,67,0,tcgdex
Pokémon TCG,Thai,Pokémon GO,,S10b,,,,2022,2022-06-24,ซอร์ด แอนด์ ชีลด์,71,0,tcgdex
Pokémon TCG,Thai,อันธการลวงตา,,S10a,,,,2022,2022-07-29,ซอร์ด แอนด์ ชีลด์,71,8,tcgdex
Pokémon TCG,Thai,ทริปเปิลบีต,,S11,,,,2022,2022-08-26,ซอร์ด แอนด์ ชีลด์,100,0,tcgdex
Pokémon TCG,Thai,อาร์คานาแห่งประกายแสง,,S11a,,,,2022,2022-09-30,ซอร์ด แอนด์ ชีลด์,68,0,tcgdex
Pokémon TCG,Thai,เปลี่ยนผ่าน,,SCF,,,,2022,2022-11-11,ซอร์ด แอนด์ ชีลด์,176,0,tcgdex
Pokémon TCG,Thai,ปฐมบทแห่งยุคใหม่,,S12,,,,2022,2022-11-25,ซอร์ด แอนด์ ชีลด์,98,98,tcgdex
Pokémon TCG,Thai,จักรวาลแห่งVSTAR,,S12a,,,,2022,2022-12-23,ซอร์ด แอนด์ ชีลด์,172,172,tcgdex
Pokémon TCG,Thai,การ์ดโปรโม สการ์เล็ต แอนด์ ไวโอเล็ต,,SV-P,,,,2023,2023-02-24,สการ์เล็ต&ไวโอเล็ต,0,1,tcgdex
Pokémon TCG,Thai,สการ์เล็ต ex,,SV1S,,,,2023,2023-02-24,สการ์เล็ต&ไวโอเล็ต,78,78,tcgdex
Pokémon TCG,Thai,ไวโอเล็ต ex,,SV1V,,,,2023,2023-02-24,สการ์เล็ต&ไวโอเล็ต,78,78,tcgdex
Pokémon TCG,Thai,ทริปเปิลบีต,,SV1a,,,,2023,2023-04-28,สการ์เล็ต&ไวโอเล็ต,73,73,tcgdex
Pokémon TCG,Thai,สโนว์ฮาซาร์ด,,SV2P,,,,2023,2023-06-30,สการ์เล็ต&ไวโอเล็ต,71,71,tcgdex
Pokémon TCG,Thai,เคลย์เบิสต์,,SV2D,,,,2023,2023-06-30,สการ์เล็ต&ไวโอเล็ต,71,71,tcgdex
Pokémon TCG,Thai,โปเกมอนการ์ด 151,,SV2a,,,,2023,2023-07-28,สการ์เล็ต&ไวโอเล็ต,165,207,tcgdex
Pokémon TCG,Thai,ราชาแห่งเพลิงกาฬ,,SV3,,,,2023,2023-09-29,สการ์เล็ต&ไวโอเล็ต,108,138,tcgdex
Pokémon TCG,Thai,คลื่นพิโรธ,,SV3a,,,,2023,2023-10-27,สการ์เล็ต&ไวโอเล็ต,62,89,tcgdex
Pokémon TCG,Thai,ประกายแสงจากอนาคต,,SV4M,,,,2023,2023-10-27,สการ์เล็ต&ไวโอเล็ต,66,92,tcgdex
Pokémon TCG,Thai,เสียงคำรามจากอดีต,,SV4K,,,,2023,2023-10-27,สการ์เล็ต&ไวโอเล็ต,66,92,tcgdex
Pokémon TCG,Thai,ex คอมแพกต์เด็ค,,SVDs,,,,2023,2023-11-10,สการ์เล็ต&ไวโอเล็ต,163,171,tcgdex
Pokémon TCG,Thai,ไชนีเทรเชอร์ex,,SV4a,,,,2024,2024-01-26,สการ์เล็ต&ไวโอเล็ต,190,150,tcgdex
Pokémon TCG,Thai,ตุลาการไซเบอร์,,SV5M,,,,2024,2024-02-23,สการ์เล็ต&ไวโอเล็ต,71,97,tcgdex
Pokémon TCG,Thai,อำนาจอนารยะ,,SV5K,,,,2024,2024-02-23,สการ์เล็ต&ไวโอเล็ต,71,46,tcgdex
Pokémon TCG,Thai,มิไรดอนex อนาคต,,SVHM,,,,2024,2024-03-29,สการ์เล็ต&ไวโอเล็ต,22,24,tcgdex
Pokémon TCG,Thai,โคไรดอนex โบราณ,,SVHK,,,,2024,2024-03-29,สการ์เล็ต&ไวโอเล็ต,22,24,tcgdex
Pokémon TCG,Thai,ทริปเปิลบีต,,CS1.5,,,,2024,2024-04-26,ซอร์ด แอนด์ ชีลด์,101,0,tcgdex
Pokémon TCG,Thai,ทริปเปิลบีต,,CS1a,,,,2024,2024-04-26,ซอร์ด แอนด์ ชีลด์,101,0,tcgdex
Pokémon TCG,Thai,ทริปเปิลบีต,,CS1b,,,,2024,2024-04-26,ซอร์ด แอนด์ ชีลด์,101,0,tcgdex
Pokémon TCG,Thai,ทริปเปิลบีต,,CS2.5,,,,2024,2024-04-26,ซอร์ด แอนด์ ชีลด์,101,0,tcgdex
Pokémon TCG,Thai,ทริปเปิลบีต,,CS2a,,,,2024,2024-04-26,ซอร์ด แอนด์ ชีลด์,101,0,tcgdex
Pokémon TCG,Thai,ทริปเปิลบีต,,CS2b,,,,2024,2024-04-26,ซอร์ด แอนด์ ชีลด์,101,0,tcgdex
Pokémon TCG,Thai,ทริปเปิลบีต,,CS3.5,,,,2024,2024-04-26,ซอร์ด แอนด์ ชีลด์,101,0,tcgdex
Pokémon TCG,Thai,ทริปเปิลบีต,,CS3D,,,,2024,2024-04-26,ซอร์ด แอนด์ ชีลด์,101,0,tcgdex
Pokémon TCG,Thai,ทริปเปิลบีต,,CS3a,,,,2024,2024-04-26,ซอร์ด แอนด์ ชีลด์,101,0,tcgdex
Pokémon TCG,Thai,ทริปเปิลบีต,,CS3b,,,,2024,2024-04-26,ซอร์ด แอนด์ ชีลด์,101,0,tcgdex
Pokémon TCG,Thai,ทริปเปิลบีต,,CS4,,,,2024,2024-04-26,ซอร์ด แอนด์ ชีลด์,101,0,tcgdex
Pokémon TCG,Thai,ทริปเปิลบีต,,CS4Da,,,,2024,2024-04-26,ซอร์ด แอนด์ ชีลด์,101,0,tcgdex
Pokémon TCG,Thai,ทริปเปิลบีต,,CS4a,,,,2024,2024-04-26,ซอร์ด แอนด์ ชีลด์,101,0,tcgdex
Pokémon TCG,Thai,ทริปเปิลบีต,,CS4b,,,,2024,2024-04-26,ซอร์ด แอนด์ ชีลด์,101,0,tcgdex
Pokémon TCG,Thai,ทริปเปิลบีต,,CSA,,,,2024,2024-04-26,ซอร์ด แอนด์ ชีลด์,101,0,tcgdex
Pokémon TCG,Thai,หมอกสีชาด,,SV5a,,,,2024,2024-04-26,สการ์เล็ต&ไวโอเล็ต,66,66,tcgdex
Pokémon TCG,Thai,หน้ากากจอมลวงตา,,SV6,,,,2024,2024-05-31,สการ์เล็ต&ไวโอเล็ต,101,101,tcgdex
Pokémon TCG,Thai,แสงนำทางแห่งสเตลลาร์,,SV7s,,,,2024,2024-09-30,สการ์เล็ต&ไวโอเล็ต,166,223,tcgdex
Pokémon TCG,Thai,สเตลลาร์สายฟ้าฟาด,,SV8s,,,,2024,2024-12-23,สการ์เล็ต&ไวโอเล็ต,182,182,tcgdex
Pokémon TCG,Thai,เทศกาลเทรัสตัลex,,SV8a,,,,2025,2025-02-07,สการ์เล็ต&ไวโอเล็ต,187,187,tcgdex
Pokémon TCG,Thai,สายใยแห่งโชคชะตา,,SV9s,,,,2025,2025-04-11,สการ์เล็ต&ไวโอเล็ต,139,185,tcgdex
Pokémon TCG,Chinese (Simplified),风暴涌现,,csm1a,,,,2022,2022-10-22,太阳&月亮,211,0,tcgdex
Pokémon TCG,Chinese (Simplified),风暴涌现,,csm1b,,,,2022,2022-10-22,太阳&月亮,204,0,tcgdex
Pokémon TCG,Chinese (Simplified),风暴涌现,,csm1c,,,,2022,2022-10-22,太阳&月亮,212,0,tcgdex
Pokémon TCG,Chinese (Simplified),特典卡·太阳&月亮,Sun & Moon Promos,SMP,,,,2022,2022-10-27,Sun & Moon Series,,50,"database.xlsx,pikaqian_cards.xlsx"
Pokémon TCG,Chinese (Simplified),横空出世 泽,Storming Emergence (Abundant),CSM1cC,,,,2022,2022-10-28,Sun & Moon Series,363,212,"database.xlsx,pikaqian_cards.xlsx,tcgdex"
Pokémon TCG,Chinese (Simplified),横空出世 苍,Storming Emergence (Verdant),CSM1bC,,,,2022,2022-10-28,Sun & Moon Series,355,204,"database.xlsx,pikaqian_cards.xlsx,tcgdex"
Pokémon TCG,Chinese (Simplified),横空出世 赫,Storming Emergence (Radiant),CSM1aC,,,,2022,2022-10-28,Sun & Moon Series,362,211,"database.xlsx,pikaqian_cards.xlsx,tcgdex"
Pokémon TCG,Chinese (Simplified),起始卡组 横空出世GX,Storming Emergence GX Starter Deck,CSM1DC,,,,2022,2022-10-28,Sun & Moon Series,,336,"database.xlsx,pikaqian_cards.xlsx"
Pokémon TCG,Chinese (Simplified),莉莉艾的声援专属礼盒,Lillie's Support Box,CSMLC,,,,2022,2022-11-11,Sun & Moon Series,,5,"database.xlsx,pikaqian_cards.xlsx"
Pokémon TCG,Chinese (Simplified),强化包 对战精英,Battle Elite,CSM1.5C,,,,2022,2022-12-16,Sun & Moon Series,60,88,"database.xlsx,pikaqian_cards.xlsx,tcgdex"
Pokémon TCG,Chinese (Simplified),战斗精英,,csm1.5,,,,2022,2022-12-16,太阳&月亮,151,0,tcgdex
Pokémon TCG,Chinese (Simplified),伊布GX套装礼盒,Eevee-GX Box Set,CSMYC,,,,2023,2023-01-06,Sun & Moon Series,,8,"database.xlsx,pikaqian_cards.xlsx"
Pokémon TCG,Chinese (Simplified),交相辉映 唤,Shining Synergy (Summon),CSM2cC,,,,2023,2023-01-18,Sun & Moon Series,342,192,"database.xlsx,pikaqian_cards.xlsx,tcgdex"
Pokémon TCG,Chinese (Simplified),交相辉映 沐,Shining Synergy (Shower),CSM2aC,,,,2023,2023-01-18,Sun & Moon Series,344,194,"database.xlsx,pikaqian_cards.xlsx,tcgdex"
Pokémon TCG,Chinese (Simplified),交相辉映 魁,Shining Synergy (Supreme),CSM2bC,,,,2023,2023-01-18,Sun & Moon Series,343,193,"database.xlsx,pikaqian_cards.xlsx,tcgdex"
Pokémon TCG,Chinese (Simplified),起始卡组 交相辉映GX,Shining Synergy GX Starter Deck,CSM2DC,,,,2023,2023-01-18,Sun & Moon Series,,357,"database.xlsx,pikaqian_cards.xlsx"
Pokémon TCG,Chinese (Simplified),闪耀协同效应,,csm2a,,,,2023,2023-01-18,太阳&月亮,194,0,tcgdex
Pokémon TCG,Chinese (Simplified),闪耀协同效应,,csm2b,,,,2023,2023-01-18,太阳&月亮,193,0,tcgdex
Pokémon TCG,Chinese (Simplified),闪耀协同效应,,csm2c,,,,2023,2023-01-18,太阳&月亮,192,0,tcgdex
Pokémon TCG,Chinese (Simplified),精彩的比赛,,csm2.5,,,,2023,2023-03-13,太阳&月亮,151,0,tcgdex
Pokémon TCG,Chinese (Simplified),炫奇争胜,Striking Competition,CSM2.5C,,,,2023,2023-03-17,Sun & Moon Series,160,99,"database.xlsx,pikaqian_cards.xlsx,tcgdex"
Pokémon TCG,Chinese (Simplified),精灵球礼盒：闪耀宝可梦,Shining Pokémon Poké Ball Gift Box,CSMJC,,,,2023,2023-03-17,Sun & Moon Series,,15,"database.xlsx,pikaqian_cards.xlsx"
Pokémon TCG,Chinese (Simplified),阿尔宙斯&帝牙卢卡&帕路奇亚GX 卡组构筑进阶礼盒,Arceus & Dialga & Palkia-GX Advanced Deck Building Gift Box,CSMAC,,,,2023,2023-03-17,Sun & Moon Series,,19,"database.xlsx,pikaqian_cards.xlsx"
Pokémon TCG,Chinese (Simplified),对战派对组合 奖赏包,Battle Party Set (Reward Pack),CSMPiC,,,,2023,2023-04-15,Sun & Moon Series,24,48,"database.xlsx,pikaqian_cards.xlsx,tcgdex"
Pokémon TCG,Chinese (Simplified),对战派对组合 恶,Battle Party Set (Darkness Deck),CSMPgC,,,,2023,2023-04-15,Sun & Moon Series,,24,"database.xlsx,pikaqian_cards.xlsx"
Pokémon TCG,Chinese (Simplified),对战派对组合 斗,Battle Party Set (Fighting Deck),CSMPfC,,,,2023,2023-04-15,Sun & Moon Series,,24,"database.xlsx,pikaqian_cards.xlsx"
Pokémon TCG,Chinese (Simplified),对战派对组合 水,Battle Party Set (Water Deck),CSMPcC,,,,2023,2023-04-15,Sun & Moon Series,,25,"database.xlsx,pikaqian_cards.xlsx"
Pokémon TCG,Chinese (Simplified),对战派对组合 火,Battle Party Set (Fire Deck),CSMPbC,,,,2023,2023-04-15,Sun & Moon Series,,25,"database.xlsx,pikaqian_cards.xlsx"
Pokémon TCG,Chinese (Simplified),对战派对组合 草,Battle Party Set (Grass Deck),CSMPaC,,,,2023,2023-04-15,Sun & Moon Series,,23,"database.xlsx,pikaqian_cards.xlsx"
Pokémon TCG,Chinese (Simplified),对战派对组合 超,Battle Party Set (Psychic Deck),CSMPeC,,,,2023,2023-04-15,Sun & Moon Series,,21,"database.xlsx,pikaqian_cards.xlsx"
Pokémon TCG,Chinese (Simplified),对战派对组合 钢,Battle Party Set (Metal Deck),CSMPhC,,,,2023,2023-04-15,Sun & Moon Series,,24,"database.xlsx,pikaqian_cards.xlsx"
Pokémon TCG,Chinese (Simplified),对战派对组合 雷,Battle Party Set (Lightning Deck),CSMPdC,,,,2023,2023-04-15,Sun & Moon Series,,21,"database.xlsx,pikaqian_cards.xlsx"
Pokémon TCG,Chinese (Simplified),改造包 对战派对组合 恶,Battle Party Set (Darkness Modification Pack),CSMPpC,,,,2023,2023-04-15,Sun & Moon Series,,10,"database.xlsx,pikaqian_cards.xlsx"
Pokémon TCG,Chinese (Simplified),改造包 对战派对组合 斗,Battle Party Set (Fighting Modification Pack),CSMPoC,,,,2023,2023-04-15,Sun & Moon Series,,10,"database.xlsx,pikaqian_cards.xlsx"
Pokémon TCG,Chinese (Simplified),改造包 对战派对组合 水,Battle Party Set (Water Modification Pack),CSMPlC,,,,2023,2023-04-15,Sun & Moon Series,,10,"database.xlsx,pikaqian_cards.xlsx"
Pokémon TCG,Chinese (Simplified),改造包 对战派对组合 火,Battle Party Set (Fire Modification Pack),CSMPkC,,,,2023,2023-04-15,Sun & Moon Series,,10,"database.xlsx,pikaqian_cards.xlsx"
Pokémon TCG,Chinese (Simplified),改造包 对战派对组合 草,Battle Party Set (Grass Modification Pack),CSMPjC,,,,2023,2023-04-15,Sun & Moon Series,,10,"database.xlsx,pikaqian_cards.xlsx"
Pokémon TCG,Chinese (Simplified),改造包 对战派对组合 超,Battle Party Set (Psychic Modification Pack),CSMPnC,,,,2023,2023-04-15,Sun & Moon Series,,10,"database.xlsx,pikaqian_cards.xlsx"
Pokémon TCG,Chinese (Simplified),改造包 对战派对组合 钢,Battle Party Set (Metal Modification Pack),CSMPqC,,,,2023,2023-04-15,Sun & Moon Series,,10,"database.xlsx,pikaqian_cards.xlsx"
Pokémon TCG,Chinese (Simplified),改造包 对战派对组合 雷,Battle Party Set (Lightning Modification Pack),CSMPmC,,,,2023,2023-04-15,Sun & Moon Series,,10,"database.xlsx,pikaqian_cards.xlsx"
Pokémon TCG,Chinese (Simplified),特典卡·剑&盾,Sword & Shield Promos,SP,,,,2023,2023-05-18,Sword & Shield Series,220,220,"database.xlsx,pikaqian_cards.xlsx"
Pokémon TCG,Chinese (Simplified),Gym Event Promo Pack Vol. 1,Gym Event Promo Pack Vol. 1,,,,,2023,2023-05-19,Sword & Shield Series,,0,database.xlsx
Pokémon TCG,Chinese (Simplified),极巨争锋 卡组构筑礼盒,Dynamax Clash Deck Building Gift Box,CSAC,,,,2023,2023-05-19,Sword & Shield Series,,24,"database.xlsx,pikaqian_cards.xlsx"
Pokémon TCG,Chinese (Simplified),极巨争锋 焰,Dynamax Clash (Flame),CS1bC,,,,2023,2023-05-19,Sword & Shield Series,335,199,"database.xlsx,pikaqian_cards.xlsx,tcgdex"
Pokémon TCG,Chinese (Simplified),极巨争锋 雷,Dynamax Clash (Thunder),CS1aC,,,,2023,2023-05-19,Sword & Shield Series,352,217,"database.xlsx,pikaqian_cards.xlsx,tcgdex"
Pokémon TCG,Chinese (Simplified),起始卡组 极巨争锋V,Dynamax Clash V Starter Deck,CS1DC,,,,2023,2023-05-19,Sword & Shield Series,,222,"database.xlsx,pikaqian_cards.xlsx"
Pokémon TCG,Chinese (Simplified),极巨攻防,Dynamax Tactics,CS1.5C,,,,2023,2023-06-28,Sword & Shield Series,151,96,"database.xlsx,pikaqian_cards.xlsx,tcgdex"
Pokémon TCG,Chinese (Simplified),Gym Event Promo Pack Vol. 2,Gym Event Promo Pack Vol. 2,,,,,2023,2023-08-18,Sword & Shield Series,,0,database.xlsx
Pokémon TCG,Chinese (Simplified),浓墨重彩 靛,Vivid Portrayals (Indigo),CS2bC,,,,2023,2023-08-18,Sword & Shield Series,258,143,"database.xlsx,pikaqian_cards.xlsx,tcgdex"
Pokémon TCG,Chinese (Simplified),浓墨重彩 黎,Vivid Portrayals (Obsidian),CS2aC,,,,2023,2023-08-18,Sword & Shield Series,258,143,"database.xlsx,pikaqian_cards.xlsx,tcgdex"
Pokémon TCG,Chinese (Simplified),辉金能量礼盒&辉金能量进阶礼盒,Golden Energy,CSM2.1C,,,,2023,2023-09-09,Sun & Moon Series,,54,"database.xlsx,pikaqian_cards.xlsx"
Pokémon TCG,Chinese (Simplified),璀璨反击,Brilliant Counterattack,CS2.5C,,,,2023,2023-09-29,Sword & Shield Series,138,79,"database.xlsx,pikaqian_cards.xlsx,tcgdex"
Pokémon TCG,Chinese (Simplified),Gym Event Promo Pack Vol. 3,Gym Event Promo Pack Vol. 3,,,,,2023,2023-11-17,Sword & Shield Series,,0,database.xlsx
Pokémon TCG,Chinese (Simplified),专题包 喵喵小妙招,Meowth's Little Tricks,CS2.1C,,,,2023,2023-11-17,Sword & Shield Series,,10,"database.xlsx,pikaqian_cards.xlsx"
Pokémon TCG,Chinese (Simplified),卡组构筑礼盒 洪荒演武 激,Primordial Arts Deck Building Gift Box (Torrent),CSCC,,,,2023,2023-11-17,Sword & Shield Series,,19,"database.xlsx,pikaqian_cards.xlsx"
Pokémon TCG,Chinese (Simplified),卡组构筑礼盒 洪荒演武 茂,Primordial Arts Deck Building Gift Box (Overgrow),CSBC,,,,2023,2023-11-17,Sword & Shield Series,,19,"database.xlsx,pikaqian_cards.xlsx"
Pokémon TCG,Chinese (Simplified),宝可梦卡牌 家庭组合,Family Pokémon Trading Card Game,CS2DaC,,,,2023,2023-11-17,Sword & Shield Series,,53,"database.xlsx,pikaqian_cards.xlsx"
Pokémon TCG,Chinese (Simplified),洪荒演武 激,Primordial Arts (Torrent),CS3bC,,,,2023,2023-11-17,Sword & Shield Series,296,179,"database.xlsx,pikaqian_cards.xlsx,tcgdex"
Pokémon TCG,Chinese (Simplified),洪荒演武 茂,Primordial Arts (Overgrow),CS3aC,,,,2023,2023-11-17,Sword & Shield Series,309,184,"database.xlsx,pikaqian_cards.xlsx,tcgdex"
Pokémon TCG,Chinese (Simplified),起始卡组 洪荒演武V,Primordial Arts V Starter Deck,CS3DC,,,,2023,2023-11-17,Sword & Shield Series,,183,"database.xlsx,pikaqian_cards.xlsx"
Pokémon TCG,Chinese (Simplified),精灵球礼盒/超级球礼盒：皮卡丘传奇庆典,Pikachu Legendary Celebration Gift Boxes,CSDC,,,,2023,2023-12-08,Sword & Shield Series,,25,"database.xlsx,pikaqian_cards.xlsx"
Pokémon TCG,Chinese (Simplified),怒炎灼天,Scorching Skies,CS3.5C,,,,2024,2024-01-05,Sword & Shield Series,156,90,"database.xlsx,pikaqian_cards.xlsx,tcgdex"
Pokémon TCG,Chinese (Simplified),四方联结系列礼盒,Four-Party Connection Gift Box,CSEC,,,,2024,2024-01-19,Sword & Shield Series,,20,"database.xlsx,pikaqian_cards.xlsx"
Pokémon TCG,Chinese (Simplified),Gym Event Promo Pack Vol. 4,Gym Event Promo Pack Vol. 4,,,,,2024,2024-03-01,Sword & Shield Series,,0,database.xlsx
Pokémon TCG,Chinese (Simplified),九彩汇聚 朋,Nine Colors Gathering (Friend),CS4aC,,,,2024,2024-03-01,Sword & Shield Series,316,184,"database.xlsx,pikaqian_cards.xlsx,tcgdex"
Pokémon TCG,Chinese (Simplified),九彩汇聚 源,Nine Colors Gathering (Origin),CS4bC,,,,2024,2024-03-01,Sword & Shield Series,309,177,"database.xlsx,pikaqian_cards.xlsx,tcgdex"
Pokémon TCG,Chinese (Simplified),宝可梦卡牌展示套礼盒,Pokémon Card Display Set Gift Box Vol. 1,CSGC,,,,2024,2024-03-01,Sword & Shield Series,,8,"database.xlsx,pikaqian_cards.xlsx"
Pokémon TCG,Chinese (Simplified),龙之再临系列礼盒,Dragon Resurgence,CSFC,,,,2024,2024-03-01,Sword & Shield Series,,26,"database.xlsx,pikaqian_cards.xlsx"
Pokémon TCG,Chinese (Simplified),专题包 辉耀能量 第一弹,Radiant Energy Vol. 1,CS4.1C,,,,2024,2024-03-29,Sword & Shield Series,,23,"database.xlsx,pikaqian_cards.xlsx"
Pokémon TCG,Chinese (Simplified),伊布进阶礼盒,Eevee Advanced Gift Boxes,CSHC,,,,2024,2024-04-26,Sword & Shield Series,,9,"database.xlsx,pikaqian_cards.xlsx"
Pokémon TCG,Chinese (Simplified),终末炎舞,Final Flame Dance,CS4.5C,,,,2024,2024-04-26,Sword & Shield Series,146,83,"database.xlsx,pikaqian_cards.xlsx,tcgdex"
Pokémon TCG,Chinese (Simplified),训练家收藏礼盒,Trainer Collection Gift Box,CSIC,,,,2024,2024-05-17,Sword & Shield Series,,8,"database.xlsx,pikaqian_cards.xlsx"
Pokémon TCG,Chinese (Simplified),起始卡组100,Start Deck 100,CS4DaC,,,,2024,2024-05-17,Sword & Shield Series,,433,"database.xlsx,pikaqian_cards.xlsx"
Pokémon TCG,Chinese (Simplified),Gym Event Promo Pack Vol. 5,Gym Event Promo Pack Vol. 5,,,,,2024,2024-06-18,Sword & Shield Series,,0,database.xlsx
Pokémon TCG,Chinese (Simplified),勇魅群星 V起始卡组,Brave Stars V Starter Deck,CS5DC,,,,2024,2024-06-18,Sword & Shield Series,,163,"database.xlsx,pikaqian_cards.xlsx"
Pokémon TCG,Chinese (Simplified),勇魅群星 勇,Brave Stars (Brave),CS5bC,,,,2024,2024-06-18,Sword & Shield Series,306,178,"database.xlsx,pikaqian_cards.xlsx,tcgdex"
Pokémon TCG,Chinese (Simplified),勇魅群星 卡组构筑礼盒,Brave Stars Deck Building Gift Box,CSNC,,,,2024,2024-06-18,Sword & Shield Series,,24,"database.xlsx,pikaqian_cards.xlsx"
Pokémon TCG,Chinese (Simplified),勇魅群星 魅,Brave Stars (Charm),CS5aC,,,,2024,2024-06-18,Sword & Shield Series,303,176,"database.xlsx,pikaqian_cards.xlsx,tcgdex"
Pokémon TCG,Chinese (Simplified),宝可梦卡牌展示套礼盒,Pokémon Card Display Set Gift Box Vol. 2,CSMC,,,,2024,2024-06-18,Sword & Shield Series,,13,"database.xlsx,pikaqian_cards.xlsx"
Pokémon TCG,Chinese (Simplified),精灵球/高级球礼盒：宝可梦艺术插画庆典 景,Pokémon Art Illustration Festival: Scene,CSJC,,,,2024,2024-06-28,Sword & Shield Series,,16,"database.xlsx,pikaqian_cards.xlsx"
Pokémon TCG,Chinese (Simplified),专题包 辉耀能量 第二弹,Radiant Energy Vol. 2,CS5.1C,,,,2024,2024-07-12,Sword & Shield Series,,23,"database.xlsx,pikaqian_cards.xlsx"
Pokémon TCG,Chinese (Simplified),汇流卡组构筑进阶礼盒,Mew Advanced Deck Building Gift Box,CSOC,,,,2024,2024-07-12,Sword & Shield Series,,19,"database.xlsx,pikaqian_cards.xlsx"
Pokémon TCG,Chinese (Simplified),强化包 暗影夺辉,Shadow of Glory,CS5.5C,,,,2024,2024-08-02,Sword & Shield Series,66,89,"database.xlsx,pikaqian_cards.xlsx,tcgdex"
Pokémon TCG,Chinese (Simplified),星晶奇跡,,SV7,,,,2024,2024-08-02,朱&紫,102,132,tcgdex
Pokémon TCG,Chinese (Simplified),Gym Event Promo Pack Vol. 6,Gym Event Promo Pack Vol. 6,,,,,2024,2024-09-20,Sword & Shield Series,,0,database.xlsx
Pokémon TCG,Chinese (Simplified),专题包 辉耀能量,Radiant Energy Vol. 3,CS6.1C,,,,2024,2024-09-20,Sword & Shield Series,28,24,"database.xlsx,pikaqian_cards.xlsx"
Pokémon TCG,Chinese (Simplified),碧海暗影 啸,Shadow of the Blue Sea (Roar),CS6aC,,,,2024,2024-09-20,Sword & Shield Series,300,169,"database.xlsx,pikaqian_cards.xlsx,tcgdex"
Pokémon TCG,Chinese (Simplified),碧海暗影 逐,Shadow of the Blue Sea (Banish),CS6bC,,,,2024,2024-09-20,Sword & Shield Series,303,172,"database.xlsx,pikaqian_cards.xlsx,tcgdex"
Pokémon TCG,Chinese (Simplified),樂園騰龍,,SV7a,,,,2024,2024-09-27,朱&紫,64,64,tcgdex
Pokémon TCG,Chinese (Simplified),超電突圍,,SV8,,,,2024,2024-10-25,朱&紫,106,106,tcgdex
Pokémon TCG,Chinese (Simplified),宝可梦展示套礼盒,Pokémon Card Display Set Gift Box Vol. 3,CSUC,,,,2024,2024-10-26,Sword & Shield Series,,13,"database.xlsx,pikaqian_cards.xlsx"
Pokémon TCG,Chinese (Simplified),强化包 胜象星引,Victory Star Guide,CS6.5C,,,,2024,2024-11-15,Sword & Shield Series,72,96,"database.xlsx,pikaqian_cards.xlsx,tcgdex"
Pokémon TCG,Chinese (Simplified),收藏周边礼盒 百变宝盒,Variety Treasure Box,CSZC,,,,2024,2024-11-15,Sword & Shield Series,,68,"database.xlsx,pikaqian_cards.xlsx"
Pokémon TCG,Chinese (Simplified),皮在伊起 流沙卡牌展示挂件礼盒,Quicksand Card Display Pendant Gift Box,CS0LC,,,,2024,2024-12-06,Sword & Shield Series,,4,"database.xlsx,pikaqian_cards.xlsx"
Pokémon TCG,Chinese (Simplified),精灵球/等级球礼盒：宝可梦艺术插画庆典 聚,Pokémon Art Illustration Festival: Gather,CSYC,,,,2024,2024-12-06,Sword & Shield Series,,16,"database.xlsx,pikaqian_cards.xlsx"
Pokémon TCG,Chinese (Simplified),太晶慶典ex,,SV8a,,,,2024,2024-12-20,朱&紫,187,237,tcgdex
Pokémon TCG,Chinese (Simplified),骑拉帝纳VSTAR卡组构筑进阶礼盒,Giratina VSTAR Advanced Deck Building Gift Box,CSXC,,,,2024,2024-12-21,Sword & Shield Series,,20,"database.xlsx,pikaqian_cards.xlsx"
Pokémon TCG,Chinese (Simplified),特典卡·30周年,30th Anniversary Promos,promo-30th-p,,,,2025,2025-01-16,ScarletViolet,,18,pikaqian_cards.xlsx
Pokémon TCG,Chinese (Simplified),特典卡·朱&紫,Scarlet & Violet Promos,SVP,,,,2025,2025-01-16,Scarlet & Violet Series,,353,"database.xlsx,pikaqian_cards.xlsx"
Pokémon TCG,Chinese (Simplified),亘古开来,Eternal Birth,CSV1C,,,,2025,2025-01-17,Scarlet & Violet Series,294,167,"database.xlsx,pikaqian_cards.xlsx,tcgdex"
Pokémon TCG,Chinese (Simplified),嗨皮组合 皮卡丘&皮皮&草苗龟&索财灵,Happy Set: Pikachu & Clefairy & Turtwig & Gimmighoul,CSVH1C,,,,2025,2025-01-17,Scarlet & Violet Series,,59,"database.xlsx,pikaqian_cards.xlsx"
Pokémon TCG,Chinese (Simplified),嗨皮组合 皮卡丘&皮皮&草苗龟&索财灵 奖赏包,Happy Set: Pikachu & Clefairy & Turtwig & Gimmighoul (Reward Pack),CSVH1pC,,,,2025,2025-01-17,Scarlet & Violet Series,,6,"database.xlsx,pikaqian_cards.xlsx"
Pokémon TCG,Chinese (Simplified),嗨皮组合 皮卡丘&皮皮&草苗龟&索财灵 改造包,Happy Set: Pikachu & Clefairy & Turtwig & Gimmighoul (Modification Pack),CSVH1aC,,,,2025,2025-01-17,Scarlet & Violet Series,,23,"database.xlsx,pikaqian_cards.xlsx"
Pokémon TCG,Chinese (Simplified),宝石包 Vol. 1,Gem Pack Vol. 1,CBB1C,,,,2025,2025-01-17,Scarlet & Violet Series,230,115,"database.xlsx,pikaqian_cards.xlsx"
Pokémon TCG,Chinese (Simplified),收集啦151 旅,Collect 151,151C,,,,2025,2025-01-17,Scarlet & Violet Series,343,192,"database.xlsx,pikaqian_cards.xlsx"
Pokémon TCG,Chinese (Simplified),對戰搭檔,,SV9,,,,2025,2025-02-07,朱&紫,100,100,tcgdex
Pokémon TCG,Chinese (Simplified),对战派对 共梦,Battle Party: Dream Together,CSVE1C,,,,2025,2025-02-28,Scarlet & Violet Series,,178,"database.xlsx,pikaqian_cards.xlsx"
Pokémon TCG,Chinese (Simplified),对战派对 共梦 奖赏包,Battle Party: Dream Together (Reward Pack),CSVE1pC,,,,2025,2025-02-28,Scarlet & Violet Series,,24,"database.xlsx,pikaqian_cards.xlsx"
Pokémon TCG,Chinese (Simplified),奇迹启程,Miracle Journey,CSV2C,,,,2025,2025-03-21,Scarlet & Violet Series,291,163,"database.xlsx,pikaqian_cards.xlsx,tcgdex"
Pokémon TCG,Chinese (Simplified),熱風競技場,,SV9a,,,,2025,2025-03-28,朱&紫,63,92,tcgdex
Pokémon TCG,Chinese (Simplified),火箭隊的榮耀,,SV10,,,,2025,2025-05-02,朱&紫,98,98,tcgdex
Pokémon TCG,Chinese (Simplified),Scarlet & Violet Energies,Scarlet & Violet Energies,,,,,2025,2025-05-16,Unnumbered Energies,,0,database.xlsx
Pokémon TCG,Chinese (Simplified),嗨皮卡组 路卡利欧&甲贺忍蛙&藏玛然特&獒教父,Happy Set: Lucario & Greninja & Zamazenta & Mabosstiff,CSVH2C,,,,2025,2025-05-16,Scarlet & Violet Series,,58,"database.xlsx,pikaqian_cards.xlsx"
Pokémon TCG,Chinese (Simplified),嗨皮组合 路卡利欧&甲贺忍蛙&藏玛然特&獒教父 奖赏包,Happy Set: Lucario & Greninja & Zamazenta & Mabosstiff (Reward Pack),CSVH2pC,,,,2025,2025-05-16,Scarlet & Violet Series,,6,"database.xlsx,pikaqian_cards.xlsx"
Pokémon TCG,Chinese (Simplified),嗨皮组合 路卡利欧&甲贺忍蛙&藏玛然特&獒教父 改造包,Happy Set: Lucario & Greninja & Zamazenta & Mabosstiff (Modification Pack),CSVH2aC,,,,2025,2025-05-16,Scarlet & Violet Series,,23,"database.xlsx,pikaqian_cards.xlsx"
Pokémon TCG,Chinese (Simplified),宝石包 Vol.2,Gem Pack Vol. 2,CBB2C,,,,2025,2025-05-16,Scarlet & Violet Series,280,140,"database.xlsx,pikaqian_cards.xlsx,tcgdex"
Pokémon TCG,Chinese (Simplified),无畏太晶,Fearless Terastal,CSV3C,,,,2025,2025-05-16,Scarlet & Violet Series,295,165,"database.xlsx,pikaqian_cards.xlsx,tcgdex"
Pokémon TCG,Chinese (Simplified),启程专题包,Journey Theme Pack,CSVL1C,,,,2025,2025-06-13,Scarlet & Violet Series,,133,"database.xlsx,pikaqian_cards.xlsx"
Pokémon TCG,Chinese (Simplified),嘉奖回合,Bonus Round,CSV4C,,,,2025,2025-07-18,Scarlet & Violet Series,294,165,"database.xlsx,pikaqian_cards.xlsx,tcgdex"
Pokémon TCG,Chinese (Simplified),对战派对 耀梦,Battle Party: Shining Dream,CSVE2C,,,,2025,2025-07-18,Scarlet & Violet Series,,208,"database.xlsx,pikaqian_cards.xlsx"
Pokémon TCG,Chinese (Simplified),对战派对 耀梦 奖赏包,Battle Party: Shining Dream (Reward Pack),CSVE2pC,,,,2025,2025-07-18,Scarlet & Violet Series,,24,"database.xlsx,pikaqian_cards.xlsx"
Pokémon TCG,Chinese (Simplified),嗨皮卡组 七夕青鸟&拉帝欧斯&烈焰猴&一家鼠,Happy Set: Altaria & Latios & Infernape & Maushold,CSVH3C,,,,2025,2025-09-12,Scarlet & Violet Series,,64,"database.xlsx,pikaqian_cards.xlsx"
Pokémon TCG,Chinese (Simplified),嗨皮组合 七夕青鸟&拉帝欧斯&烈焰猴&一家鼠 奖赏包,Happy Set: Altaria & Latios & Infernape & Maushold (Reward Pack),CSVH3pC,,,,2025,2025-09-12,Scarlet & Violet Series,,6,"database.xlsx,pikaqian_cards.xlsx"
Pokémon TCG,Chinese (Simplified),嗨皮组合 七夕青鸟&拉帝欧斯&烈焰猴&一家鼠 改造包,Happy Set: Altaria & Latios & Infernape & Maushold (Modification Pack),CSVH3aC,,,,2025,2025-09-12,Scarlet & Violet Series,,23,"database.xlsx,pikaqian_cards.xlsx"
Pokémon TCG,Chinese (Simplified),黑晶炽诚,Dark Crystal Blaze,CSV5C,,,,2025,2025-09-12,Scarlet & Violet Series,293,164,"database.xlsx,pikaqian_cards.xlsx,tcgdex"
Pokémon TCG,Chinese (Simplified),宝石包 Vol.3,Gem Pack Vol. 3,CBB3C,,,,2025,2025-09-26,Scarlet & Violet Series,272,136,"database.xlsx,pikaqian_cards.xlsx,tcgdex"
Pokémon TCG,Chinese (Simplified),游历专题包,Travel Theme Pack,CSVL2C,,,,2025,2025-11-07,Scarlet & Violet Series,,139,"database.xlsx,pikaqian_cards.xlsx"
Pokémon TCG,Chinese (Simplified),真实玄虚,True Mystery,CSV6C,,,,2025,2025-11-07,Scarlet & Violet Series,291,163,"database.xlsx,pikaqian_cards.xlsx,tcgdex"
Pokémon TCG,Chinese (Simplified),利刃猛醒,Blade Awakening,CSV7C,,,,2026,2026-01-16,Scarlet & Violet Series,204,259,"database.xlsx,pikaqian_cards.xlsx,tcgdex"
Pokémon TCG,Chinese (Simplified),大师战略卡组构筑套装 喷火龙ex,Master Strategy Deck Building Set (Charizard ex),CSVM1aC,,,,2026,2026-01-16,Scarlet & Violet Series,,33,"database.xlsx,pikaqian_cards.xlsx"
Pokémon TCG,Chinese (Simplified),大师战略卡组构筑套装 密勒顿ex,Master Strategy Deck Building Set (Miraidon ex),CSVM1cC,,,,2026,2026-01-16,Scarlet & Violet Series,,28,"database.xlsx,pikaqian_cards.xlsx"
Pokémon TCG,Chinese (Simplified),大师战略卡组构筑套装 沙奈朵ex,Master Strategy Deck Building Set (Gardevoir ex),CSVM1bC,,,,2026,2026-01-16,Scarlet & Violet Series,,33,"database.xlsx,pikaqian_cards.xlsx"
Pokémon TCG,Chinese (Simplified),对战学院,Battle Academy,CSVSC,,,,2026,2026-01-16,Scarlet & Violet Series,,66,"database.xlsx,pikaqian_cards.xlsx"
Pokémon TCG,Chinese (Simplified),宝石包 第四弹,Gem Pack Vol. 4,CBB4C,,,,2026,2026-02-06,Scarlet & Violet Series,7,196,"database.xlsx,pikaqian_cards.xlsx,tcgdex"
Pokémon TCG,Chinese (Simplified),璀璨诡幻,Brilliant Illusions,CSV8C,,,,2026,2026-03-13,Scarlet & Violet Series,207,264,"database.xlsx,pikaqian_cards.xlsx,tcgdex"
Pokémon TCG,Chinese (Simplified),30th Anniversay Celebration,30th Anniversay Celebration,30thP,,,,2026,2026-03-20,Scarlet & Violet Series,,0,database.xlsx
Pokémon TCG,Chinese (Simplified),嗨皮卡组 狙射树枭&美录梅塔&故勒顿&密勒顿,Happy Set: Decidueye & Melmetal & Koraidon & Miraidon,CSVH4C,,,,2026,2026-04-10,Scarlet & Violet Series,,59,"database.xlsx,pikaqian_cards.xlsx"
Pokémon TCG,Chinese (Simplified),嗨皮组合 狙射树枭&美录梅塔&故勒顿&密勒顿 嗨皮包,Happy Set: Decidueye & Melmetal & Koraidon & Miraidon (Happy Pack),CSVH4eC,,,,2026,2026-04-10,Scarlet & Violet Series,,49,"database.xlsx,pikaqian_cards.xlsx"
Pokémon TCG,Chinese (Simplified),嗨皮组合 狙射树枭&美录梅塔&故勒顿&密勒顿 奖赏包,Happy Set: Decidueye & Melmetal & Koraidon & Miraidon (Reward Pack),CSVH4pC,,,,2026,2026-04-10,Scarlet & Violet Series,,6,"database.xlsx,pikaqian_cards.xlsx"
Pokémon TCG,Chinese (Simplified),嗨皮组合 狙射树枭&美录梅塔&故勒顿&密勒顿 改造包,Happy Set: Decidueye & Melmetal & Koraidon & Miraidon (Modification Pack),CSVH4aC,,,,2026,2026-04-10,Scarlet & Violet Series,,23,"database.xlsx,pikaqian_cards.xlsx"
Pokémon TCG,Chinese (Simplified),宝石包 第五弹,Gem Pack Vol. 5,CBB5C,,,,2026,2026-04-24,Scarlet & Violet Series,7,196,"database.xlsx,pikaqian_cards.xlsx,tcgdex"
Pokémon TCG,Chinese (Simplified),北上乡专题包（5张装）,Kitakami Special Pack,CSVNC,,,,2026,2026-05-15,Scarlet & Violet Series,,44,"database.xlsx,pikaqian_cards.xlsx"
Pokémon TCG,Chinese (Simplified),星彩晶璃,Stellar Crystal,CSV9C,,,,2026,2026-05-15,Scarlet & Violet Series,208,266,"database.xlsx,pikaqian_cards.xlsx,tcgdex"
Pokémon TCG,Chinese (Simplified),太晶盛聚,Terastal Gathering,CSV9.5C,,,,2026,2026-06-12,Scarlet & Violet Series,208,259,"database.xlsx,pikaqian_cards.xlsx,tcgdex"
Pokémon TCG,Chinese (Simplified),嗨皮组合 快龙&超梦&喷火驼&来悲粗茶,Happy Set: Dragonite & Mewtwo & Camerupt & Sinistcha,CSVH5C,,,,2026,2026-07-16,Scarlet & Violet Series,,58,"database.xlsx,pikaqian_cards.xlsx"
Pokémon TCG,Chinese (Simplified),嗨皮组合 快龙&超梦&喷火驼&来悲粗茶 嗨皮包,Happy Set: Dragonite & Mewtwo & Camerupt & Sinistcha (Happy Pack),CSVH5eC,,,,2026,2026-07-16,Scarlet & Violet Series,,49,"database.xlsx,pikaqian_cards.xlsx"
Pokémon TCG,Chinese (Simplified),嗨皮组合 快龙&超梦&喷火驼&来悲粗茶 奖赏包,Happy Set: Dragonite & Mewtwo & Camerupt & Sinistcha (Reward Pack),CSVH5pC,,,,2026,2026-07-16,Scarlet & Violet Series,,6,"database.xlsx,pikaqian_cards.xlsx"
Pokémon TCG,Chinese (Simplified),嗨皮组合 快龙&超梦&喷火驼&来悲粗茶 改造包,Happy Set: Dragonite & Mewtwo & Camerupt & Sinistcha (Modification Pack),CSVH5aC,,,,2026,2026-07-16,Scarlet & Violet Series,,23,"database.xlsx,pikaqian_cards.xlsx"
Pokémon TCG,Chinese (Simplified),大师战略卡组构筑套装 多龙巴鲁托ex,Master Strategy Deck Building Set (Dragapult ex),CSVM2bC,,,,2026,2026-07-16,Scarlet & Violet Series,,34,"database.xlsx,pikaqian_cards.xlsx"
Pokémon TCG,Chinese (Simplified),大师战略卡组构筑套装 猛雷鼓ex,Master Strategy Deck Building Set (Raging Bolt ex),CSVM2aC,,,,2026,2026-07-16,Scarlet & Violet Series,,31,"database.xlsx,pikaqian_cards.xlsx"
Pokémon TCG,Chinese (Simplified),大师战略卡组构筑套装 赛富豪ex,Master Strategy Deck Building Set (Gholdengo ex),CSVM2cC,,,,2026,2026-07-16,Scarlet & Violet Series,,32,"database.xlsx,pikaqian_cards.xlsx"
Pokémon TCG,Chinese (Simplified),补充包 共逐荣光,Chasing Glory,CSV10C,,,,2026,2026-07-16,Scarlet & Violet Series,,287,"database.xlsx,pikaqian_cards.xlsx"
Pokémon TCG,Chinese (Simplified),宝石包 VOL.6,Gem Pack Vol. 6,CBB6C,,,,2026,2026-08-07,Scarlet & Violet Series,,196,"database.xlsx,pikaqian_cards.xlsx"
Pokémon TCG,Chinese (Simplified),30th Celebration,30th Celebration,30thC,,,,2026,2026-09-16,Scarlet & Violet Series,,0,database.xlsx
Pokémon TCG,Chinese (Simplified),Mega Evolution Promos,Mega Evolution Promos,MP,,,,,,Mega Evolution Series,,0,database.xlsx
Pokémon TCG,Chinese (Traditional),劍&盾,,SC1D,,,,2020,2020-06-19,劍＆盾,164,164,tcgdex
Pokémon TCG,Chinese (Traditional),劍&盾 SET A,,SC1a,,,,2020,2020-06-19,劍＆盾,154,172,tcgdex
Pokémon TCG,Chinese (Traditional),劍&盾 SET B,,SC1b,,,,2020,2020-06-19,劍＆盾,153,171,tcgdex
Pokémon TCG,Chinese (Traditional),無極力量,,SC2D,,,,2020,2020-08-21,劍＆盾,157,157,tcgdex
Pokémon TCG,Chinese (Traditional),無極力量 SET A,,SC2a,,,,2020,2020-08-21,劍＆盾,145,145,tcgdex
Pokémon TCG,Chinese (Traditional),無極力量 SET B,,SC2b,,,,2020,2020-08-21,劍＆盾,144,144,tcgdex
Pokémon TCG,Chinese (Traditional),驚天伏特攻擊,,S4,,,,2020,2020-10-09,劍＆盾,100,100,tcgdex
Pokémon TCG,Chinese (Traditional),搭檔,,SCA,,,,2020,2020-11-27,劍＆盾,135,135,tcgdex
Pokémon TCG,Chinese (Traditional),閃色明星V,,S4a,,,,2020,2020-11-27,劍＆盾,190,190,tcgdex
Pokémon TCG,Chinese (Traditional),一撃大師,,S5I,,,,2021,2021-01-29,劍＆盾,70,70,tcgdex
Pokémon TCG,Chinese (Traditional),挑戰,,SCB,,,,2021,2021-01-29,劍＆盾,156,156,tcgdex
Pokémon TCG,Chinese (Traditional),連撃大師,,S5R,,,,2021,2021-01-29,劍＆盾,70,70,tcgdex
Pokémon TCG,Chinese (Traditional),雙璧戰士,,S5a,,,,2021,2021-04-02,劍＆盾,70,70,tcgdex
Pokémon TCG,Chinese (Traditional),漆黑幽魂,,S6K,,,,2021,2021-05-07,劍＆盾,70,70,tcgdex
Pokémon TCG,Chinese (Traditional),銀白戰槍,,S6H,,,,2021,2021-05-07,劍＆盾,70,70,tcgdex
Pokémon TCG,Chinese (Traditional),伊布英雄,,S6a,,,,2021,2021-06-11,劍＆盾,69,69,tcgdex
Pokémon TCG,Chinese (Traditional),進化,,SCC,,,,2021,2021-06-11,劍＆盾,172,171,tcgdex
Pokémon TCG,Chinese (Traditional),寶可夢卡牌家庭組合,,SH,,,,2021,2021-06-28,劍＆盾,38,59,tcgdex
Pokémon TCG,Chinese (Traditional),摩天巔峰,,S7D,,,,2021,2021-07-23,劍＆盾,67,67,tcgdex
Pokémon TCG,Chinese (Traditional),蒼空烈流,,S7R,,,,2021,2021-07-23,劍＆盾,67,67,tcgdex
Pokémon TCG,Chinese (Traditional),強大,,SP5,,,,2021,2021-08-27,劍＆盾,0,4,tcgdex
Pokémon TCG,Chinese (Traditional),匯流藝術,,S8,,,,2021,2021-10-01,劍＆盾,100,100,tcgdex
Pokémon TCG,Chinese (Traditional),強大,,SCD,,,,2021,2021-10-01,劍＆盾,159,159,tcgdex
Pokémon TCG,Chinese (Traditional),25週年收藏款,,S8a,,,,2021,2021-10-20,劍＆盾,28,33,tcgdex
Pokémon TCG,Chinese (Traditional),VMAX絕群壓軸,,S8b,,,,2021,2021-12-17,劍＆盾,184,181,tcgdex
Pokémon TCG,Chinese (Traditional),星星誕生,,S9,,,,2022,2022-01-28,劍＆盾,100,100,tcgdex
Pokémon TCG,Chinese (Traditional),藏瑪然特VS無極汰那,,SJ,,,,2022,2022-01-28,劍＆盾,28,30,tcgdex
Pokémon TCG,Chinese (Traditional),頂級訓練家收藏箱 VSTAR,,SK,,,,2022,2022-01-28,劍＆盾,30,30,tcgdex
Pokémon TCG,Chinese (Traditional),初階牌組100,,SI,,,,2022,2022-02-18,劍＆盾,414,422,tcgdex
Pokémon TCG,Chinese (Traditional),對戰地區,,S9a,,,,2022,2022-03-11,劍＆盾,67,67,tcgdex
Pokémon TCG,Chinese (Traditional),起始組合VSTAR 路卡利歐,,SLL,,,,2022,2022-03-11,劍＆盾,21,22,tcgdex
Pokémon TCG,Chinese (Traditional),起始組合VSTAR 達克萊伊,,SLD,,,,2022,2022-03-11,劍＆盾,20,21,tcgdex
Pokémon TCG,Chinese (Traditional),時間觀察者,,S10D,,,,2022,2022-04-22,劍＆盾,67,67,tcgdex
Pokémon TCG,Chinese (Traditional),空間魔術師,,S10P,,,,2022,2022-04-22,劍＆盾,67,67,tcgdex
Pokémon TCG,Chinese (Traditional),黑暗亡靈,,S10a,,,,2022,2022-05-27,劍＆盾,71,71,tcgdex
Pokémon TCG,Chinese (Traditional),Pokémon GO,,S10b,,,,2022,2022-06-17,劍＆盾,71,79,tcgdex
Pokémon TCG,Chinese (Traditional),三連音爆,,S11,,,,2022,2022-07-29,劍＆盾,100,100,tcgdex
Pokémon TCG,Chinese (Traditional),VSTAR&VMAX 高級牌組 代歐奇希斯,,SPD,,,,2022,2022-08-26,劍＆盾,20,20,tcgdex
Pokémon TCG,Chinese (Traditional),VSTAR&VMAX 高級牌組 捷拉奧拉,,SPZ,,,,2022,2022-08-26,劍＆盾,20,20,tcgdex
Pokémon TCG,Chinese (Traditional),VSTAR特別組合,,SP6,,,,2022,2022-08-26,劍＆盾,6,6,tcgdex
Pokémon TCG,Chinese (Traditional),白熱奧祕,,S11a,,,,2022,2022-09-16,劍＆盾,68,68,tcgdex
Pokémon TCG,Chinese (Traditional),初階牌組100 特別版,,SN,,,,2022,2022-10-02,劍＆盾,24,25,tcgdex
Pokémon TCG,Chinese (Traditional),噴火龍,,SDL,,,,2022,2022-11-04,劍＆盾,21,21,tcgdex
Pokémon TCG,Chinese (Traditional),思維激盪,,S12,,,,2022,2022-11-04,劍＆盾,98,114,tcgdex
Pokémon TCG,Chinese (Traditional),皮卡丘,,SDP,,,,2022,2022-11-04,劍＆盾,22,22,tcgdex
Pokémon TCG,Chinese (Traditional),超夢,,SDM,,,,2022,2022-11-04,劍＆盾,22,22,tcgdex
Pokémon TCG,Chinese (Traditional),天地萬物VSTAR,,S12a,,,,2022,2022-12-02,劍＆盾,172,250,tcgdex
Pokémon TCG,Chinese (Traditional),特典卡 朱&紫,,SV-P,,,,2023,2023-01-26,朱&紫系列,0,94,tcgdex
Pokémon TCG,Chinese (Traditional),朱ex,,SV1S,,,,2023,2023-02-03,朱&紫系列,78,78,tcgdex
Pokémon TCG,Chinese (Traditional),紫ex,,SV1V,,,,2023,2023-02-03,朱&紫系列,78,78,tcgdex
Pokémon TCG,Chinese (Traditional),頂級訓練家收藏箱ex,,SVB,,,,2023,2023-03-03,朱&紫系列,28,36,tcgdex
Pokémon TCG,Chinese (Traditional),三連音爆,,SV1a,,,,2023,2023-03-24,朱&紫系列,73,73,tcgdex
Pokémon TCG,Chinese (Traditional),冰雪險境,,SV2P,,,,2023,2023-04-28,朱&紫系列,71,71,tcgdex
Pokémon TCG,Chinese (Traditional),皮卡丘特別組合,,SVC,,,,2023,2023-04-28,朱&紫系列,21,22,tcgdex
Pokémon TCG,Chinese (Traditional),碟旋暴擊,,SV2D,,,,2023,2023-04-28,朱&紫系列,71,71,tcgdex
Pokémon TCG,Chinese (Traditional),ex特別組合,,SVP1,,,,2023,2023-06-02,朱&紫系列,7,7,tcgdex
Pokémon TCG,Chinese (Traditional),寶可夢卡牌151,,SV2a,,,,2023,2023-06-30,朱&紫系列,165,207,tcgdex
Pokémon TCG,Chinese (Traditional),ex初階牌組,,SVD,,,,2023,2023-07-21,朱&紫系列,139,147,tcgdex
Pokémon TCG,Chinese (Traditional),起始組合ex 呆火鱷&電龍 ex,,SVAL,,,,2023,2023-08-11,朱&紫系列,21,23,tcgdex
Pokémon TCG,Chinese (Traditional),起始組合ex 新葉喵&路卡利歐 ex,,SVAM,,,,2023,2023-08-11,朱&紫系列,23,25,tcgdex
Pokémon TCG,Chinese (Traditional),起始組合ex 潤水鴨&謎擬Ｑ ex,,SVAW,,,,2023,2023-08-11,朱&紫系列,23,25,tcgdex
Pokémon TCG,Chinese (Traditional),黯焰支配者,,SV3,,,,2023,2023-08-11,朱&紫系列,108,138,tcgdex
Pokémon TCG,Chinese (Traditional),黯焰支配者,,SVF,,,,2023,2023-08-11,朱&紫系列,38,46,tcgdex
Pokémon TCG,Chinese (Traditional),激狂駭浪,,SV3a,,,,2023,2023-09-29,朱&紫系列,62,89,tcgdex
Pokémon TCG,Chinese (Traditional),超夢ex,,SVEM,,,,2023,2023-09-29,朱&紫系列,20,21,tcgdex
Pokémon TCG,Chinese (Traditional),骨紋巨聲鱷ex,,SVEL,,,,2023,2023-09-29,朱&紫系列,20,21,tcgdex
Pokémon TCG,Chinese (Traditional),古代咆哮,,SV4K,,,,2023,2023-11-10,朱&紫系列,66,66,tcgdex
Pokémon TCG,Chinese (Traditional),未來閃光,,SV4M,,,,2023,2023-11-10,朱&紫系列,66,66,tcgdex
Pokémon TCG,Chinese (Traditional),閃色寶藏ex,,SV4a,,,,2023,2023-12-22,朱&紫系列,190,314,tcgdex
Pokémon TCG,Chinese (Traditional),未來密勒頓ex,,SVHK,,,,2024,2024-02-02,朱&紫系列,22,24,tcgdex
Pokémon TCG,Chinese (Traditional),狂野之力,,SV5K,,,,2024,2024-02-02,朱&紫系列,71,46,tcgdex
Pokémon TCG,Chinese (Traditional),異度審判,,SV5M,,,,2024,2024-02-02,朱&紫系列,71,97,tcgdex
Pokémon TCG,Chinese (Traditional),閃色寶藏ex,,SVHM,,,,2024,2024-02-02,朱&紫系列,22,24,tcgdex
Pokémon TCG,Chinese (Traditional),緋紅薄霧,,SV5a,,,,2024,2024-04-03,朱&紫系列,66,66,tcgdex
Pokémon TCG,Chinese (Traditional),三連音爆,,CS1.5,,,,2024,2024-04-26,劍＆盾,101,0,tcgdex
Pokémon TCG,Chinese (Traditional),三連音爆,,CS1a,,,,2024,2024-04-26,劍＆盾,101,0,tcgdex
Pokémon TCG,Chinese (Traditional),三連音爆,,CS1b,,,,2024,2024-04-26,劍＆盾,101,0,tcgdex
Pokémon TCG,Chinese (Traditional),三連音爆,,CS2.5,,,,2024,2024-04-26,劍＆盾,101,0,tcgdex
Pokémon TCG,Chinese (Traditional),三連音爆,,CS2a,,,,2024,2024-04-26,劍＆盾,101,0,tcgdex
Pokémon TCG,Chinese (Traditional),三連音爆,,CS2b,,,,2024,2024-04-26,劍＆盾,101,0,tcgdex
Pokémon TCG,Chinese (Traditional),三連音爆,,CS3.5,,,,2024,2024-04-26,劍＆盾,101,0,tcgdex
Pokémon TCG,Chinese (Traditional),三連音爆,,CS3D,,,,2024,2024-04-26,劍＆盾,101,0,tcgdex
Pokémon TCG,Chinese (Traditional),三連音爆,,CS3a,,,,2024,2024-04-26,劍＆盾,101,0,tcgdex
Pokémon TCG,Chinese (Traditional),三連音爆,,CS3b,,,,2024,2024-04-26,劍＆盾,101,0,tcgdex
Pokémon TCG,Chinese (Traditional),三連音爆,,CS4,,,,2024,2024-04-26,劍＆盾,101,0,tcgdex
Pokémon TCG,Chinese (Traditional),三連音爆,,CS4Da,,,,2024,2024-04-26,劍＆盾,101,0,tcgdex
Pokémon TCG,Chinese (Traditional),三連音爆,,CS4a,,,,2024,2024-04-26,劍＆盾,101,0,tcgdex
Pokémon TCG,Chinese (Traditional),三連音爆,,CS4b,,,,2024,2024-04-26,劍＆盾,101,0,tcgdex
Pokémon TCG,Chinese (Traditional),三連音爆,,CSA,,,,2024,2024-04-26,劍＆盾,101,0,tcgdex
Pokémon TCG,Chinese (Traditional),變幻假面,,SV6,,,,2024,2024-05-10,朱&紫系列,101,130,tcgdex
Pokémon TCG,Chinese (Traditional),黑夜漫遊者,,SV6a,,,,2024,2024-06-21,朱&紫系列,64,64,tcgdex
Pokémon TCG,Chinese (Traditional),星晶奇跡,,SV7,,,,2024,2024-08-02,朱&紫系列,102,132,tcgdex
Pokémon TCG,Chinese (Traditional),樂園騰龍,,SV7a,,,,2024,2024-09-27,朱&紫系列,64,64,tcgdex
Pokémon TCG,Chinese (Traditional),超電突圍,,SV8,,,,2024,2024-10-25,朱&紫系列,106,106,tcgdex
Pokémon TCG,Chinese (Traditional),太晶慶典ex,,SV8a,,,,2024,2024-12-20,朱&紫系列,187,237,tcgdex
Pokémon TCG,Chinese (Traditional),對戰搭檔,,SV9,,,,2025,2025-02-07,朱&紫系列,100,100,tcgdex
Pokémon TCG,Chinese (Traditional),熱風競技場,,SV9a,,,,2025,2025-03-28,朱&紫系列,63,92,tcgdex
Pokémon TCG,Chinese (Traditional),火箭隊的榮耀,,SV10,,,,2025,2025-05-02,朱&紫系列,98,98,tcgdex
Sports & Entertainment Cards,English,1992 MARVEL UNIVERSE SERIES 1,1992 MARVEL UNIVERSE SERIES 1,,Impel,marvel,1992,1992,1992-01-01,,,2,"sports_database.xlsx,sports_seed"
Sports & Entertainment Cards,English,1996-97 SKYBOX PREMIUM BASKETBALL,1996-97 SKYBOX PREMIUM BASKETBALL,,Skybox,basketball,1996-97,1996,1996-11-01,,,3,"sports_database.xlsx,sports_seed"
Sports & Entertainment Cards,English,2024 TOPPS CHROME UFC,2024 TOPPS CHROME UFC,,Topps,ufc,2024,2024,2024-06-12,,,4,"sports_database.xlsx,sports_seed"
Sports & Entertainment Cards,English,2024 PANINI PRIZM SOCCER,2024 PANINI PRIZM SOCCER,,Panini,soccer,2024,2024,2024-08-20,,,4,"sports_database.xlsx,sports_seed"
Sports & Entertainment Cards,English,2024 PANINI DONRUSS FOOTBALL,2024 PANINI DONRUSS FOOTBALL,,Panini,football,2024,2024,2024-09-01,,,3,"sports_database.xlsx,sports_seed"
Sports & Entertainment Cards,English,2024 PANINI FLAWLESS WWE,2024 PANINI FLAWLESS WWE,,Panini,wrestling,2024,2024,2024-11-15,,,4,"sports_database.xlsx,sports_seed"
Sports & Entertainment Cards,English,2025 TOPPS UEFA CLUB COMPETITIONS,2025 TOPPS UEFA CLUB COMPETITIONS,,Topps,soccer,2025,2025,2025-03-01,,,3,"sports_database.xlsx,sports_seed"
Sports & Entertainment Cards,English,2025-26 TOPPS MANCHESTER UNITED TEAM SET,2025-26 TOPPS MANCHESTER UNITED TEAM SET,,Topps,soccer,2025-26,2025,2025-09-01,,,6,"sports_database.xlsx,sports_seed,sports_checklists.xlsx"
Sports & Entertainment Cards,English,2025 TOPPS CHROME FOOTBALL,2025 TOPPS CHROME FOOTBALL,,Topps,football,2025,2025,2025-10-01,,,5,"sports_database.xlsx,sports_seed"
Sports & Entertainment Cards,English,2026 UPPER DECK AEW WRESTLING,2026 UPPER DECK AEW WRESTLING,,Upper Deck,wrestling,2026,2026,2026-01-15,,,4,"sports_database.xlsx,sports_seed"
Sports & Entertainment Cards,Japanese,1989 BANDAI CARDDASS DRAGON BALL Z PART 1,1989 BANDAI CARDDASS DRAGON BALL Z PART 1,,Bandai,carddass,1989,1989,1989-01-01,,,2,"sports_database.xlsx,sports_seed"
Sports & Entertainment Cards,Japanese,1998 MEIJI POKEMON GET CARD,1998 MEIJI POKEMON GET CARD,,Meiji,promo,1998,1998,1998-01-01,,,1,"sports_database.xlsx,sports_seed"
